destination_key,destination_city,destination_country,destination_country_code,destination_kind,region,detailed_region,matched,simplemaps_id,unesco_score,michelin_score,plog_score,allocentric_score,trips,travelers,beach_share,ski_share,holiday_share,median_duration_days,median_accommodation_cost,median_transportation_cost,distinct_carriers,first_class_share,airports,best_month,annual_weather_mean,weather_january,weather_february,weather_march,weather_april,weather_may,weather_june,weather_july,weather_august,weather_september,weather_october,weather_november,weather_december
Cancun|Mexico,Cancun,Mexico,MX,city,Americas,Central America,1,1484010310,0.0,2.83,0.6899,0.3101,173,36,0.9769,0.0,0.0,7.0,1150.0,450.0,11,0.0,CUN,april,7.21,7.09,7.44,7.62,7.75,7.71,6.71,7.2,6.97,6.86,6.81,6.96,7.39
Orlando|United States,Orlando,United States,US,city,Americas,Northern America,1,1840015099,0.0,6.53,0.8513,0.1487,158,26,0.9557,0.0,0.1835,6.0,1050.0,300.0,8,0.0,MCO,april,7.38,7.5,7.48,7.75,8.0,7.2,6.84,7.03,6.84,6.81,7.45,7.96,7.67
London|United Kingdom,London,United Kingdom,GB,city,Europe,Northern Europe,1,1826645935,6.71,9.54,0.8673,0.1327,135,33,0.1185,0.0,0.0,7.0,1775.0,875.0,9,0.1407,LCY|LHR,april,7.32,6.65,6.78,7.85,8.03,7.69,7.9,7.7,7.71,7.28,6.98,6.55,6.66
Denver|United States,Denver,United States,US,city,Americas,Northern America,1,1840018789,0.0,5.91,0.8445,0.1555,105,24,0.0,0.5524,0.1905,5.0,1075.0,325.0,8,0.0,DEN,july,7.39,6.19,6.34,7.67,7.64,7.45,7.85,7.97,7.58,7.88,7.75,7.85,6.47
Tokyo|Japan,Tokyo,Japan,JP,city,Asia,Eastern Asia,1,1392685764,2.89,9.99,0.7993,0.2007,80,22,0.0625,0.0,0.0,12.0,2875.0,1025.0,7,0.1,HND|NRT,february,7.23,7.58,7.77,6.78,6.91,6.71,7.12,7.57,7.58,6.99,6.76,7.56,7.37
Paris|France,Paris,France,FR,city,Europe,Western Europe,1,1250015082,6.71,9.93,0.8396,0.1604,72,28,0.0,0.0,0.0,7.0,1150.0,420.0,7,0.2222,CDG,august,7.29,6.24,7.08,7.58,7.78,7.66,7.8,7.42,7.93,7.23,7.12,6.73,6.94
New York|United States,New York,United States,US,city,Americas,Northern America,1,1840034016,4.58,9.36,0.95,0.05,69,13,0.3188,0.0,0.0,4.0,1225.0,350.0,3,0.0,EWR|JFK|LGA,august,6.95,6.09,5.63,7.31,7.13,6.89,7.38,7.47,7.8,7.5,7.38,7.0,5.79
San Jose del Cabo|Mexico,San Jose del Cabo,Mexico,MX,city,Americas,Central America,1,1484157742,2.89,4.48,0.5778,0.4222,69,12,1.0,0.0,0.0,7.0,1100.0,475.0,6,0.0,SJD,,,,,,,,,,,,,,
Guadalajara|Mexico,Guadalajara,Mexico,MX,city,Americas,Central America,1,1484950208,4.58,3.79,0.6149,0.3851,58,10,0.0,0.0,0.0862,5.0,700.0,450.0,7,0.0,GDL,november,7.75,7.95,8.15,8.22,8.24,8.08,6.94,7.06,7.09,7.12,7.77,8.29,8.12
Chicago|United States,Chicago,United States,US,city,Americas,Northern America,1,1840000494,2.89,7.33,0.9501,0.0499,57,21,0.0,0.0,0.0,4.0,950.0,300.0,10,0.0351,ORD,august,7.02,5.92,5.91,7.08,7.25,7.48,7.59,7.41,8.0,7.92,7.49,6.89,5.3
Miami|United States,Miami,United States,US,city,Americas,Northern America,1,1840015149,0.0,6.68,0.9,0.1,57,13,1.0,0.0,0.0,5.0,1100.0,325.0,6,0.0526,MIA,may,7.25,7.37,7.54,7.42,7.67,7.68,7.11,7.19,7.09,6.48,6.79,7.34,7.29
Toronto|Canada,Toronto,Canada,CA,city,Americas,Northern America,1,1124279679,0.0,7.17,0.8369,0.1631,56,10,0.0,0.0,0.2679,4.0,950.0,300.0,10,0.0,YYZ,july,6.7,5.54,5.29,5.71,7.27,7.0,7.69,7.88,7.83,7.83,7.34,5.67,5.35
Houston|United States,Houston,United States,US,city,Americas,Northern America,1,1840020925,0.0,6.02,0.8677,0.1323,55,7,0.5818,0.0,0.2,0.0,1000.0,300.0,4,0.0182,HOU|IAH,september,7.29,6.83,7.09,7.17,7.33,7.08,6.95,7.33,7.3,7.87,7.81,7.55,7.16
San Diego|United States,San Diego,United States,US,city,Americas,Northern America,1,1840021990,0.0,6.12,0.7991,0.2009,55,7,0.5091,0.0,0.3091,5.0,1125.0,275.0,5,0.0182,SAN,july,7.93,7.91,7.67,7.27,7.87,8.09,8.25,8.44,8.33,7.93,8.09,7.54,7.76
Boston|United States,Boston,United States,US,city,Americas,Northern America,1,1840000455,0.0,5.21,0.8383,0.1617,53,12,0.434,0.0,0.2453,5.0,1100.0,325.0,5,0.0377,BOS,august,6.81,5.93,5.76,5.88,6.92,6.96,7.54,7.39,7.91,7.57,7.25,6.96,5.66
Madrid|Spain,Madrid,Spain,ES,city,Europe,Southern Europe,1,1724616994,6.71,8.22,0.7462,0.2538,51,18,0.0,0.0,0.0,7.0,1787.5,825.0,6,0.1176,MAD,july,7.55,7.02,7.85,6.16,7.36,7.85,8.28,8.41,7.07,8.14,7.82,7.4,7.29
Amsterdam|Netherlands,Amsterdam,Netherlands,NL,city,Europe,Western Europe,1,1528355309,7.47,8.19,0.7822,0.2178,50,16,0.0,0.0,0.0,7.0,1400.0,762.5,4,0.08,AMS,march,7.21,6.27,7.0,8.01,7.86,7.8,7.72,7.36,7.6,7.05,6.33,6.67,6.89
Rome|Italy,Rome,Italy,IT,city,Europe,Southern Europe,1,1380382862,8.67,7.27,0.7587,0.2413,49,25,0.449,0.0,0.0,7.0,1150.0,420.0,7,0.0816,FCO,june,7.63,7.11,7.26,7.03,7.52,7.89,8.34,8.2,7.91,7.89,7.54,7.4,7.5
Lisbon|Portugal,Lisbon,Portugal,PT,city,Europe,Southern Europe,1,1620619017,5.78,6.42,0.6677,0.3323,48,16,0.5208,0.0,0.0,7.0,1650.0,780.0,4,0.0417,LIS,june,7.41,6.62,7.16,6.48,6.86,7.99,8.35,8.23,8.3,7.97,7.44,6.87,6.66
Phoenix|United States,Phoenix,United States,US,city,Americas,Northern America,1,1840020568,2.89,0.0,0.8296,0.1704,48,12,0.0,0.0,0.0625,5.0,987.5,300.0,7,0.0,PHX,april,7.69,8.14,8.26,7.88,8.33,8.23,7.03,6.94,7.03,6.66,8.0,7.71,8.12
Los Angeles|United States,Los Angeles,United States,US,city,Americas,Northern America,1,1840020491,2.89,8.2,0.9115,0.0885,44,11,0.2955,0.0,0.0,6.0,1050.0,300.0,10,0.1136,LAX,july,8.07,7.99,7.69,7.58,8.12,8.34,8.5,8.6,8.49,8.24,8.14,7.51,7.68
Mexico City|Mexico,Mexico City,Mexico,MX,city,Americas,Central America,1,1484247881,8.12,6.87,0.7046,0.2954,43,13,0.0,0.0,0.0,5.0,700.0,425.0,9,0.0698,MEX,april,7.56,8.09,7.99,8.12,8.29,7.61,6.69,7.14,7.05,6.5,7.16,8.07,7.99
Atlanta|United States,Atlanta,United States,US,city,Americas,Northern America,1,1840013660,0.0,6.55,0.9297,0.0703,42,15,0.0,0.0,0.0,3.0,950.0,300.0,10,0.0,ATL,september,7.26,5.98,7.34,7.4,7.48,7.01,7.07,7.57,7.05,7.89,7.45,7.56,7.29
San Francisco|United States,San Francisco,United States,US,city,Americas,Northern America,1,1840021543,0.0,8.13,0.8552,0.1448,40,9,0.0,0.0,0.0,5.0,1000.0,300.0,9,0.05,SFO,may,7.64,7.77,6.85,7.03,7.88,8.13,8.13,8.0,8.12,7.86,7.66,7.3,7.01
Sydney|Australia,Sydney,Australia,AU,city,Oceania,Australia and New Zealand,1,1036074917,4.58,0.0,0.6762,0.3238,40,14,0.375,0.0,0.0,14.0,2875.0,1075.0,6,0.05,SYD,september,7.14,6.68,7.08,6.76,7.04,6.69,7.73,7.23,6.54,7.75,7.34,7.49,7.39
Las Vegas|United States,Las Vegas,United States,US,city,Americas,Northern America,1,1840020364,0.0,0.0,0.8469,0.1531,39,15,0.0,0.0,0.0,4.0,1050.0,325.0,7,0.0513,LAS,september,7.74,8.06,7.94,7.87,8.2,8.06,7.1,7.09,6.96,8.21,8.03,7.57,7.75
Barcelona|Spain,Barcelona,Spain,ES,city,Europe,Southern Europe,1,1724594040,5.78,7.69,0.7358,0.2642,38,20,0.3421,0.0,0.0,7.0,1150.0,510.0,4,0.0526,BCN,june,7.56,7.62,7.33,6.66,7.86,7.76,8.39,7.59,7.99,7.52,7.35,7.68,6.92
New Orleans|United States,New Orleans,United States,US,city,Americas,Northern America,1,1840001839,0.0,5.48,0.808,0.192,38,6,0.0,0.0,0.1316,5.0,980.0,310.0,4,0.1316,MSY,september,7.21,6.97,7.04,7.29,7.23,6.97,7.12,7.1,6.93,7.85,7.29,7.74,7.03
Seattle|United States,Seattle,United States,US,city,Americas,Northern America,1,1840021117,0.0,0.0,0.839,0.161,38,8,0.2368,0.0,0.1579,5.0,1100.0,300.0,8,0.0526,SEA,july,7.15,7.16,6.45,6.28,7.38,7.49,8.1,8.31,7.89,7.8,6.71,6.25,5.98
Portland|United States,Portland,United States,US,city,Americas,Northern America,1,1840019941,0.0,0.0,0.7713,0.2287,36,7,0.1667,0.0,0.2222,5.0,1100.0,250.0,8,0.0556,PDX|PWM,july,7.18,7.13,6.29,6.04,7.55,7.49,8.12,8.43,8.07,7.84,6.83,6.29,6.04
Puerto Vallarta|Mexico,Puerto Vallarta,Mexico,MX,city,Americas,Central America,1,1484408906,2.89,1.74,0.5511,0.4489,36,8,1.0,0.0,0.0,6.0,1100.0,475.0,5,0.0,PVR,,,,,,,,,,,,,,
Pittsburgh|United States,Pittsburgh,United States,US,city,Americas,Northern America,1,1840001254,0.0,0.0,0.7364,0.2636,33,7,0.0,0.0,0.5455,5.0,820.0,220.0,3,0.0606,PIT,august,6.78,5.38,5.38,7.12,7.03,6.7,7.16,7.38,8.07,7.58,7.34,6.83,5.35
Tampa|United States,Tampa,United States,US,city,Americas,Northern America,1,1840015982,0.0,5.67,0.8098,0.1902,33,3,1.0,0.0,0.303,5.0,1125.0,350.0,3,0.0,TPA,april,7.48,7.53,7.72,7.74,8.03,7.51,6.88,7.15,6.89,7.09,7.6,7.96,7.65
Dublin|Ireland,Dublin,Ireland,IE,city,Europe,Northern Europe,1,1372595407,2.89,6.4,0.7288,0.2712,32,14,0.0,0.0,0.1562,7.0,1600.0,825.0,5,0.1875,DUB,may,6.73,6.48,6.16,7.37,7.1,7.6,6.86,6.98,7.11,6.36,6.52,5.96,6.22
Seoul|South Korea,Seoul,South Korea,KR,city,Asia,Eastern Asia,1,1410836482,8.12,8.2,0.7671,0.2329,29,9,0.4483,0.0,0.0,11.0,3000.0,1075.0,6,0.1034,ICN,november,7.07,6.34,6.58,7.52,7.63,7.37,7.16,7.15,7.13,7.17,6.88,7.82,6.11
Salt Lake City|United States,Salt Lake City,United States,US,city,Americas,Northern America,1,1840021383,0.0,0.0,0.7596,0.2404,26,7,0.0,0.8077,0.0,7.0,2375.0,367.5,6,0.0,SLC,june,7.43,6.26,5.72,7.24,7.92,7.88,8.49,7.11,8.15,8.11,7.47,7.63,7.21
Traverse City|United States,Traverse City,United States,US,city,Americas,Northern America,0,,,,,,25,2,0.0,0.0,0.0,3.0,900.0,260.0,2,0.0,TVC,,,,,,,,,,,,,,
New York City|United States,New York City,United States,US,city,Americas,Northern America,1,1840034016,4.58,9.36,0.95,0.05,24,4,0.1667,0.0,0.0,5.0,1025.0,312.5,5,0.0,JFK,august,6.95,6.09,5.63,7.31,7.13,6.89,7.38,7.47,7.8,7.5,7.38,7.0,5.79
Sarasota|United States,Sarasota,United States,US,city,Americas,Northern America,0,,,,,,24,1,0.0,0.0,0.3333,6.0,1150.0,350.0,1,0.0,SRQ,,,,,,,,,,,,,,
San Antonio|United States,San Antonio,United States,US,city,Americas,Northern America,1,1840022220,2.89,4.39,0.7068,0.2932,23,5,0.0,0.0,0.0,4.0,1000.0,300.0,5,0.0435,SAT,september,7.44,7.23,7.52,7.52,7.41,7.4,7.37,7.25,6.65,7.99,7.98,7.43,7.58
Buenos Aires|Argentina,Buenos Aires,Argentina,AR,city,Americas,South America,1,1032717330,2.89,6.22,0.6639,0.3361,22,4,0.0,0.0,0.0,8.0,1375.0,712.5,2,0.1364,EZE,january,7.53,7.98,7.44,7.2,7.47,7.18,7.57,7.62,7.47,7.63,7.53,7.59,7.71
Montego Bay|Jamaica,Montego Bay,Jamaica,JM,city,Americas,Caribbean,0,,,,,,22,3,0.0,0.0,0.0,7.0,1250.0,537.5,3,0.0,MBJ,,,,,,,,,,,,,,
San Juan|Puerto Rico,San Juan,Puerto Rico,PR,city,Americas,Caribbean,1,1630035577,2.89,0.0,0.7288,0.2712,22,5,1.0,0.0,0.0,5.0,1150.0,420.0,7,0.0909,SJU,june,7.13,7.04,6.99,6.91,6.86,7.02,7.63,7.16,7.01,7.0,7.02,7.32,7.56
Washington|United States,Washington,United States,US,city,Americas,Northern America,1,1840006060,0.0,7.41,0.8856,0.1144,22,7,0.2727,0.0,0.0,4.0,950.0,300.0,8,0.0455,DCA|IAD,august,6.95,6.03,5.82,7.44,7.16,6.84,7.3,7.32,7.72,7.29,7.33,7.23,5.86
Kahului|United States,Kahului,United States,US,city,Americas,Northern America,0,,,,,,21,2,0.0,0.0,0.4762,7.0,1200.0,362.5,2,0.0476,OGG,,,,,,,,,,,,,,
Palm Springs|United States,Palm Springs,United States,US,city,Americas,Northern America,0,,,,,,20,3,0.0,0.0,0.45,5.0,1175.0,350.0,2,0.05,PSP,,,,,,,,,,,,,,
West Palm Beach|United States,West Palm Beach,United States,US,city,Americas,Northern America,0,,,,,,20,1,0.0,0.0,0.5,8.0,1200.0,362.5,1,0.0,PBI,,,,,,,,,,,,,,
Newark|United States,Newark,United States,ES,city,Europe,Southern Europe,1,1840002791,4.58,9.34,0.9263,0.0737,18,5,0.1111,0.0,0.0,4.0,975.0,300.0,5,0.0,EWR,,,,,,,,,,,,,,
Cleveland|United States,Cleveland,United States,US,city,Americas,Northern America,1,1840000596,0.0,0.0,0.7443,0.2557,17,2,0.0,0.0,0.4706,5.0,,250.0,2,0.0588,CLE,september,6.57,4.68,5.07,6.84,6.9,6.83,7.51,7.54,7.63,7.85,7.12,6.15,4.7
Dallas|United States,Dallas,United States,US,city,Americas,Northern America,1,1840019440,0.0,5.27,0.9038,0.0962,17,5,0.0,0.0,0.0,4.0,950.0,300.0,5,0.0,DFW,september,7.54,7.48,7.34,7.46,7.21,7.43,7.38,7.61,7.63,7.94,7.81,7.55,7.58
Frankfurt|Germany,Frankfurt,Germany,DE,city,Europe,Western Europe,1,1276054552,6.71,6.53,0.8265,0.1735,17,5,0.0,0.0,0.0588,6.0,1850.0,905.0,3,0.4706,FRA,may,7.26,6.8,5.87,7.76,7.74,7.91,7.88,7.45,7.8,6.81,6.9,6.99,7.22
Honolulu|United States,Honolulu,United States,US,city,Americas,Northern America,1,1840013305,0.0,0.0,0.7157,0.2843,16,5,0.9375,0.0,0.0,8.0,1175.0,350.0,3,0.125,HNL,,,,,,,,,,,,,,
Anchorage|United States,Anchorage,United States,US,city,Americas,Northern America,1,1840023385,0.0,0.0,0.73,0.27,15,3,0.0,0.0,0.0,7.0,1100.0,300.0,2,0.0667,ANC,,,,,,,,,,,,,,
Charlotte|United States,Charlotte,United States,US,city,Americas,Northern America,1,1840014557,0.0,4.18,0.816,0.184,15,3,0.0,0.0,0.0,3.0,1025.0,290.0,3,0.0,CLT,november,7.3,6.07,7.28,7.51,7.4,6.9,7.51,7.5,7.34,7.7,7.39,7.74,7.28
Detroit|United States,Detroit,United States,US,city,Americas,Northern America,1,1840003971,0.0,0.0,0.8154,0.1846,15,4,0.0,0.0,0.5333,5.0,980.0,230.0,1,0.0667,DTW,september,6.93,5.55,5.53,7.0,7.26,7.16,7.46,7.58,7.87,7.9,7.54,7.07,5.25
Nashville|United States,Nashville,United States,US,city,Americas,Northern America,1,1840036155,0.0,4.96,0.7552,0.2448,14,3,0.0,0.0,0.0,4.0,1000.0,300.0,5,0.0714,BNA,august,7.14,6.05,6.85,7.34,7.22,6.64,7.16,7.41,7.86,7.58,7.42,7.05,7.09
Nassau|Bahamas,Nassau,Bahamas,BS,city,Americas,Caribbean,1,1044318561,0.0,0.0,0.657,0.343,14,2,1.0,0.0,0.0,5.0,1250.0,537.5,2,0.0,NAS,,,,,,,,,,,,,,
San Jose|Costa Rica,San Jose,Costa Rica,CR,city,Americas,Central America,1,1188749877,0.0,0.0,0.6926,0.3074,14,2,1.0,0.0,0.0,8.0,1400.0,725.0,2,0.0,SJO,march,6.96,7.57,7.66,7.8,7.45,6.64,6.18,6.79,6.68,6.22,6.11,6.68,7.7
St. Louis|United States,St. Louis,United States,US,city,Americas,Northern America,1,1840001651,2.89,0.0,0.7539,0.2461,14,2,0.0,0.0,0.0,4.0,887.5,275.0,2,0.0,STL,august,7.07,6.08,5.9,7.31,6.78,7.35,7.41,7.41,8.14,7.81,7.49,7.15,6.04
Copenhagen|Denmark,Copenhagen,Denmark,DK,city,Europe,Northern Europe,1,1208763942,7.47,7.03,0.6366,0.3634,13,5,0.0,0.0,0.0,7.0,1150.0,420.0,3,0.1538,CPH,august,7.09,6.35,6.79,7.36,7.66,7.39,7.26,7.27,7.74,7.33,6.63,6.54,6.75
Vancouver|Canada,Vancouver,Canada,CA,city,Americas,Northern America,1,1124825478,0.0,6.85,0.7561,0.2439,13,6,0.0,0.0,0.0,5.0,925.0,275.0,6,0.1538,YVR,july,6.92,7.15,5.24,5.93,7.53,7.28,7.87,8.35,7.91,7.6,6.39,6.11,5.62
Athens|Greece,Athens,Greece,GR,city,Europe,Southern Europe,1,1300715560,4.58,5.62,0.6151,0.3849,12,6,0.8333,0.0,0.0,7.0,1150.0,615.0,1,0.1667,ATH,june,7.76,7.69,7.25,7.85,7.58,8.02,8.51,7.16,8.37,8.18,7.75,7.24,7.57
Bali|Indonesia,Bali,Indonesia,ID,region,Asia,South-eastern Asia,1,1360848527,2.89,0.0,0.3416,0.6584,12,12,0.0,0.0,0.0,8.0,1200.0,800.0,0,0.0,,april,6.69,5.92,6.34,6.55,7.41,6.36,6.58,6.9,7.14,6.82,6.93,6.73,6.64
Charleston|United States,Charleston,United States,US,city,Americas,Northern America,1,1840015163,0.0,4.28,0.6719,0.3281,12,3,0.9167,0.0,0.0,5.0,1210.0,277.5,2,0.1667,CHS,november,7.31,7.31,7.49,7.49,7.76,7.08,7.15,6.87,6.74,7.51,7.16,7.79,7.36
Lima|Peru,Lima,Peru,PE,city,Americas,South America,1,1604728603,4.58,0.0,0.5916,0.4084,12,3,0.0,0.0,0.0,10.0,1400.0,725.0,1,0.25,LIM,november,8.08,8.05,7.83,8.03,8.22,8.18,7.92,8.04,7.96,8.15,8.16,8.27,8.19
Philadelphia|United States,Philadelphia,United States,US,city,Americas,Northern America,1,1840000673,2.89,5.58,0.8287,0.1713,12,3,0.5833,0.0,0.0,4.0,950.0,300.0,4,0.0,PHL,august,6.96,6.06,5.65,7.49,7.11,6.78,7.38,7.4,7.86,7.47,7.38,7.14,5.79
Sao Paulo|Brazil,Sao Paulo,Brazil,BR,city,Americas,South America,1,1076532519,0.0,7.36,0.623,0.377,12,2,0.9167,0.0,0.0,10.0,1400.0,725.0,2,0.25,GRU,may,7.27,6.7,7.0,7.31,6.86,7.87,7.22,7.86,7.74,7.74,6.87,7.11,6.97
Keflavik|Iceland,Keflavik,Iceland,IS,city,Europe,Northern Europe,0,,,,,,11,3,0.0,0.0,0.0,7.0,1150.0,420.0,2,0.0,KEF,,,,,,,,,,,,,,
Monterrey|Mexico,Monterrey,Mexico,MX,city,Americas,Central America,1,1484559591,0.0,3.79,0.5562,0.4438,11,4,0.0,0.0,0.0,4.0,687.5,437.5,5,0.0,MTY,march,7.71,7.5,7.82,8.03,7.81,7.46,7.77,7.59,7.92,7.32,7.86,7.75,7.68
Punta Cana|Dominican Republic,Punta Cana,Dominican Republic,DO,city,Americas,Caribbean,0,,,,,,11,3,0.0,0.0,0.0,7.0,1275.0,550.0,3,0.0,PUJ,,,,,,,,,,,,,,
Bangkok|Thailand,Bangkok,Thailand,TH,city,Asia,South-eastern Asia,1,1764068610,0.0,8.47,0.4205,0.5795,10,9,0.2,0.0,0.0,7.0,400.0,250.0,1,0.2,BKK,january,7.03,8.29,7.59,6.56,7.33,6.52,6.54,6.11,6.76,6.25,6.96,7.32,8.14
Bozeman|United States,Bozeman,United States,US,city,Americas,Northern America,0,,,,,,10,1,0.0,0.0,0.0,3.0,1250.0,330.0,1,0.0,BZN,,,,,,,,,,,,,,
Minneapolis|United States,Minneapolis,United States,US,city,Americas,Northern America,1,1840007830,0.0,0.0,0.8175,0.1825,10,3,0.0,0.0,0.0,4.0,925.0,275.0,5,0.1,MSP,august,6.78,6.21,5.99,6.16,7.08,7.39,7.09,7.67,7.7,7.52,7.18,5.98,5.39
Raleigh-durham|United States,Raleigh-durham,United States,US,city,Americas,Northern America,0,,,,,,10,2,0.0,0.0,0.5,4.0,855.0,220.0,2,0.0,RDU,,,,,,,,,,,,,,
Baltimore|United States,Baltimore,United States,US,city,Americas,Northern America,1,1840001592,0.0,0.0,0.8833,0.1167,9,1,0.0,0.0,0.0,4.0,950.0,300.0,1,0.0,BWI,august,6.98,6.01,5.81,7.52,7.12,6.8,7.21,7.51,7.82,7.36,7.46,7.25,5.87
Jacksn Hole|United States,Jacksn Hole,United States,US,city,Americas,Northern America,0,,,,,,9,2,0.0,1.0,0.0,7.0,4100.0,470.0,2,0.0,JAC,,,,,,,,,,,,,,
Nice|France,Nice,France,FR,city,Europe,Western Europe,1,1250774553,4.58,7.7,0.5467,0.4533,9,7,0.5556,0.0,0.0,6.0,1950.0,900.0,3,0.2222,NCE,june,7.71,7.01,7.51,7.3,7.57,7.9,8.53,8.43,8.17,8.06,7.68,7.37,6.96
Spokane|United States,Spokane,United States,US,city,Americas,Northern America,1,1840021093,0.0,0.0,0.5918,0.4082,9,1,0.0,0.0,0.0,4.0,950.0,300.0,1,0.0,GEG,june,7.27,6.09,5.55,7.03,7.82,7.8,8.36,8.35,8.16,8.05,7.35,6.58,6.08
Belize City|Belize,Belize City,Belize,BZ,city,Americas,Central America,0,,,,,,8,2,0.0,0.0,0.0,7.0,1325.0,687.5,2,0.0,BZE,,,,,,,,,,,,,,
Boise|United States,Boise,United States,US,city,Americas,Northern America,1,1840027142,0.0,0.0,0.5997,0.4003,8,1,0.0,0.0,0.0,4.0,937.5,287.5,1,0.0,BOI,june,7.46,6.11,5.48,7.22,7.97,7.93,8.44,8.35,8.22,8.13,7.44,7.34,6.87
Kailua-Kona|United States,Kailua-Kona,United States,US,city,Americas,Northern America,0,,,,,,8,2,0.0,0.0,0.0,7.0,1125.0,350.0,2,0.125,KOA,,,,,,,,,,,,,,
Liberia|Costa Rica,Liberia,Costa Rica,CR,city,Americas,Central America,0,,,,,,8,2,0.0,0.0,0.0,8.0,1325.0,687.5,2,0.0,LIR,,,,,,,,,,,,,,
Austin|United States,Austin,United States,US,city,Americas,Northern America,1,1840019590,0.0,6.12,0.7542,0.2458,7,3,0.0,0.0,0.0,4.0,925.0,275.0,4,0.1429,AUS,september,7.39,7.22,7.36,7.41,7.2,7.31,7.34,7.32,6.59,8.06,8.0,7.51,7.39
Edinburgh|United Kingdom,Edinburgh,United Kingdom,GB,city,Europe,Northern Europe,1,1826492520,5.78,6.22,0.6479,0.3521,7,6,0.0,0.0,0.0,6.0,1787.5,817.5,2,0.1429,EDI,may,6.87,6.58,6.47,7.04,7.6,7.71,7.09,7.09,7.44,6.85,6.47,5.93,6.11
Rio de Janeiro|Brazil,Rio de Janeiro,Brazil,BR,city,Americas,South America,1,1076887657,5.78,6.02,0.5458,0.4542,7,6,0.2857,0.0,0.0,7.0,900.0,600.0,1,0.2857,GIG,february,7.48,7.48,8.08,7.61,7.08,7.82,7.56,7.54,7.53,7.38,7.0,7.2,7.51
Sacramento|United States,Sacramento,United States,US,city,Americas,Northern America,1,1840021491,0.0,4.06,0.7118,0.2882,7,1,0.0,0.0,0.0,0.0,,,2,0.0,SMF,june,7.75,7.92,7.14,7.27,8.03,8.4,8.5,8.43,7.22,8.19,7.66,7.37,6.92
Shanghai|China,Shanghai,China,CN,city,Asia,Eastern Asia,1,1156073548,0.0,7.99,0.7618,0.2382,7,3,0.0,0.0,0.0,12.0,3650.0,1250.0,2,0.2857,PVG,january,7.25,7.86,7.46,7.23,7.78,7.39,6.4,6.9,6.36,6.87,7.48,7.54,7.78
Vienna|Austria,Vienna,Austria,AT,city,Europe,Western Europe,1,1040261752,6.71,7.14,0.644,0.356,7,3,0.0,0.0,0.0,7.0,1150.0,420.0,1,0.2857,VIE,june,7.1,5.83,6.2,7.4,7.43,7.42,7.95,7.23,7.81,7.19,6.96,6.92,6.87
Auckland|New Zealand,Auckland,New Zealand,NZ,city,Oceania,Australia and New Zealand,1,1554435911,0.0,6.09,0.6113,0.3887,6,3,0.0,0.0,0.0,14.0,3150.0,1100.0,2,0.1667,AKL,march,6.92,7.26,7.42,7.6,6.22,7.03,6.63,6.55,6.85,6.56,6.75,7.11,7.04
Berlin|Germany,Berlin,Germany,DE,city,Europe,Western Europe,1,1276451290,6.71,6.95,0.6483,0.3517,6,5,0.0,0.0,0.0,5.5,1950.0,905.0,3,0.5,BER|TXL,april,7.1,5.02,5.97,7.84,7.95,7.74,7.47,7.06,7.79,7.58,6.7,6.94,7.17
Buffalo|United States,Buffalo,United States,US,city,Americas,Northern America,1,1840000386,0.0,1.74,0.7097,0.2903,6,2,0.0,0.0,0.0,3.0,980.0,230.0,1,0.1667,BUF,september,6.52,5.05,5.11,5.62,6.86,6.63,7.37,7.56,7.73,7.9,7.22,6.39,4.79
Melbourne|Australia,Melbourne,Australia,AU,city,Oceania,Australia and New Zealand,1,1036533631,2.89,0.0,0.6307,0.3693,6,3,0.5,0.0,0.0,9.5,3000.0,1075.0,3,0.5,MEL,december,7.32,7.65,7.52,7.57,7.46,7.58,7.0,6.89,7.42,6.96,7.17,6.93,7.69
Montreal|Canada,Montreal,Canada,CA,city,Americas,Northern America,1,1124586170,0.0,6.58,0.7843,0.2157,6,2,0.0,0.0,0.0,4.0,925.0,275.0,2,0.1667,YUL,august,6.52,5.17,5.42,5.4,7.0,6.67,7.56,7.69,7.98,7.85,7.4,4.94,5.11
Porto|Portugal,Porto,Portugal,PT,city,Europe,Southern Europe,1,1620356810,5.78,6.34,0.5195,0.4805,6,4,0.8333,0.0,0.0,10.0,1850.0,890.0,4,0.3333,OPO,july,7.22,6.17,6.99,6.71,6.9,7.74,8.1,8.27,8.13,7.59,7.08,6.58,6.4
Dallas-Fort Worth|United States,Dallas-Fort Worth,United States,US,city,Americas,Northern America,0,,,,,,5,1,0.0,0.0,0.0,3.0,640.0,220.0,1,0.0,DFW,,,,,,,,,,,,,,
Hanoi|Vietnam,Hanoi,Vietnam,VN,city,Asia,South-eastern Asia,1,1704413791,4.58,6.63,0.4484,0.5516,5,1,0.0,0.0,0.0,5.0,,,1,1.0,HAN,january,6.83,7.63,6.28,7.14,7.07,6.65,6.46,6.62,6.3,6.7,6.99,6.99,7.15
Hong Kong|Hong Kong,Hong Kong,Hong Kong,HK,city,Asia,Eastern Asia,1,1344982653,0.0,8.53,0.7569,0.2431,5,3,0.0,0.0,0.0,5.0,3187.5,1125.0,2,0.4,HKG,january,6.93,7.67,7.44,7.23,7.05,6.59,6.1,6.32,6.11,6.51,6.97,7.55,7.58
Manchester|United Kingdom,Manchester,United Kingdom,GB,city,Europe,Northern Europe,1,1826246335,2.89,6.37,0.7533,0.2467,5,5,0.0,0.0,0.0,11.0,2700.0,960.0,3,0.0,MAN,april,6.94,6.59,6.88,7.5,7.8,7.71,7.0,6.97,7.56,6.54,6.44,6.03,6.26
Milano|Italy,Milano,Italy,IT,city,Europe,Southern Europe,0,,,,,,5,5,0.0,0.0,0.0,13.0,2050.0,875.0,3,0.0,MXP,,,,,,,,,,,,,,
Milwaukee|United States,Milwaukee,United States,US,city,Americas,Northern America,1,1840003046,0.0,0.0,0.6848,0.3152,5,1,0.0,0.0,0.0,3.0,700.0,180.0,1,0.0,MKE,august,6.88,6.12,5.77,5.82,7.09,7.38,7.61,7.64,7.86,7.79,7.26,6.86,5.38
Munich|Germany,Munich,Germany,DE,city,Europe,Western Europe,1,1276692352,2.89,7.24,0.7318,0.2682,5,1,0.0,0.0,0.0,7.0,2050.0,1000.0,2,0.0,MUC,april,6.91,5.6,5.97,7.09,7.87,7.31,7.68,6.98,7.42,6.96,7.08,6.98,6.01
Queretaro|Mexico,Queretaro,Mexico,MX,city,Americas,Central America,1,1484604775,4.58,0.0,0.405,0.595,5,2,0.0,0.0,0.0,4.0,650.0,425.0,2,0.0,QRO,april,7.66,7.85,7.99,8.1,8.18,7.73,6.78,7.08,7.31,7.12,7.69,8.13,8.01
Taipei|Taiwan,Taipei,Taiwan,TW,city,Asia,Eastern Asia,1,1158881289,0.0,8.44,0.698,0.302,5,2,1.0,0.0,0.0,12.0,3000.0,1075.0,2,0.0,TPE,august,6.84,7.09,6.36,6.85,6.8,6.84,7.25,6.4,7.4,7.12,6.81,6.54,6.67
Venice|Italy,Venice,Italy,IT,city,Europe,Southern Europe,1,1380660414,7.47,6.95,0.6157,0.3843,5,5,0.6,0.0,0.0,13.0,2762.5,950.0,2,0.2,VCE,,,,,,,,,,,,,,
Bilbao|Spain,Bilbao,Spain,ES,city,Europe,Southern Europe,1,1724331267,5.78,6.02,0.4828,0.5172,4,3,0.75,0.0,0.0,5.0,2850.0,920.0,2,0.5,BIO,august,7.1,6.31,7.24,6.73,7.04,7.27,7.64,7.46,7.78,7.26,7.35,6.5,6.66
Cape Town|South Africa,Cape Town,South Africa,ZA,city,Africa,Southern Africa,1,1710680650,4.58,0.0,0.4036,0.5964,4,4,0.0,0.0,0.0,9.0,650.0,900.0,0,0.0,,february,7.57,7.97,8.1,7.59,7.73,7.33,6.63,6.95,7.19,7.69,7.57,8.0,8.03
Dubai|United Arab Emirates,Dubai,United Arab Emirates,AE,city,Asia,Western Asia,1,1784736618,0.0,7.48,0.7049,0.2951,4,4,0.25,0.0,0.0,6.0,1500.0,800.0,1,0.25,DXB,october,7.49,8.01,7.84,8.04,6.96,7.04,7.04,6.93,6.92,6.94,8.18,8.14,7.81
Havana|Cuba,Havana,Cuba,CU,city,Americas,Caribbean,1,1192752771,2.89,0.0,0.5394,0.4606,4,3,1.0,0.0,0.0,5.0,,,2,0.75,HAV,may,7.37,7.27,7.6,7.76,7.66,7.82,7.07,7.33,7.23,6.69,7.08,7.42,7.56
Leon|Mexico,Leon,Mexico,MX,city,Americas,Central America,0,,,,,,4,1,0.0,0.0,0.0,4.0,675.0,437.5,1,0.0,BJX,,,,,,,,,,,,,,
Milan|Italy,Milan,Italy,IT,city,Europe,Southern Europe,1,1380724377,7.47,8.48,0.7152,0.2848,4,3,0.0,0.0,0.0,6.0,1912.5,887.5,2,0.0,MXP,june,7.39,6.85,7.08,7.27,7.54,7.24,8.01,7.87,7.48,7.29,7.64,7.34,7.12
Santa Ana|United States,Santa Ana,United States,US,city,Americas,Northern America,1,1840021964,0.0,7.1,0.8906,0.1094,4,1,0.75,0.0,0.0,0.0,,,1,0.0,SNA,,,,,,,,,,,,,,
Singapore|Singapore,Singapore,Singapore,SG,city,Asia,South-eastern Asia,1,1702341327,2.89,9.04,0.6473,0.3527,4,2,1.0,0.0,0.0,5.0,3325.0,1150.0,2,0.75,SIN,june,6.74,6.22,6.79,6.31,6.56,6.88,7.31,7.16,6.95,6.71,7.09,6.56,6.31
Vail|United States,Vail,United States,US,city,Americas,Northern America,0,,,,,,4,2,0.0,1.0,0.0,7.0,3300.0,482.5,1,0.0,EGE,,,,,,,,,,,,,,
Aspen|United States,Aspen,United States,US,city,Americas,Northern America,0,,,,,,3,2,0.0,1.0,0.0,7.0,3600.0,470.0,1,0.0,ASE,,,,,,,,,,,,,,
Brisbane|Australia,Brisbane,Australia,AU,city,Oceania,Australia and New Zealand,1,1036192929,0.0,0.0,0.6312,0.3688,3,1,1.0,0.0,0.0,14.0,3000.0,1075.0,1,0.0,BNE,september,7.41,7.33,7.39,6.41,7.31,7.22,7.58,7.63,7.54,8.1,7.6,7.19,7.59
Casablanca|Morocco,Casablanca,Morocco,MA,city,Africa,Northern Africa,1,1504175315,0.0,0.0,0.5514,0.4486,3,2,0.6667,0.0,0.0,5.0,,,1,1.0,CMN,july,7.74,7.75,7.56,6.89,7.44,8.1,8.27,8.32,8.26,8.04,8.02,7.59,6.66
Phnom Penh|Cambodia,Phnom Penh,Cambodia,KH,city,Asia,South-eastern Asia,1,1116260534,2.89,0.0,0.3177,0.6823,3,2,0.0,0.0,0.0,5.0,200.0,500.0,1,0.6667,PNH,january,7.02,8.07,7.76,7.72,7.36,6.59,6.46,6.69,6.3,6.03,6.57,6.92,7.73
Phuket|Thailand,Phuket,Thailand,TH,region,Asia,South-eastern Asia,1,1764327831,0.0,6.63,0.3376,0.6624,3,3,0.0,0.0,0.0,7.0,800.0,700.0,0,0.0,,,,,,,,,,,,,,,
"Washington, D.C.|United States","Washington, D.C.",United States,US,city,Americas,Northern America,1,1840006060,0.0,7.41,0.8856,0.1144,3,3,0.6667,0.0,0.0,0.0,1675.0,850.0,3,0.0,DCA|IAD,august,6.95,6.03,5.82,7.44,7.16,6.84,7.3,7.32,7.72,7.29,7.33,7.23,5.86
Zurich|Switzerland,Zurich,Switzerland,CH,city,Europe,Western Europe,1,1756539143,2.89,8.07,0.7171,0.2829,3,3,0.0,0.0,0.0,12.0,3300.0,1080.0,3,0.0,ZRH,june,7.04,5.58,6.07,7.27,7.75,7.09,7.78,7.16,7.64,6.85,6.88,7.12,7.32
Accra|Ghana,Accra,Ghana,GH,city,Africa,Western Africa,1,1288299415,2.89,0.0,0.4291,0.5709,2,2,0.0,0.0,0.0,5.0,,,1,1.0,ACC,january,6.92,7.4,7.34,7.05,7.07,6.84,6.35,6.98,6.58,6.7,6.63,7.0,7.09
Bogota|Colombia,Bogota,Colombia,CO,city,Americas,South America,1,1170483426,0.0,0.0,0.5965,0.4035,2,1,0.0,0.0,0.0,5.0,,,1,1.0,BOG,january,7.18,7.57,6.92,6.75,6.95,6.97,6.91,7.2,7.37,7.47,7.46,7.19,7.43
Brussels|Belgium,Brussels,Belgium,BE,city,Europe,Western Europe,1,1056469830,10.0,9.25,0.7617,0.2383,2,2,0.5,0.0,0.0,8.5,2325.0,952.5,2,0.0,BRU,march,7.27,6.29,7.0,7.89,7.83,7.65,7.71,7.56,7.75,7.38,6.68,6.54,6.9
Chiang Mai|Thailand,Chiang Mai,Thailand,TH,city,Asia,South-eastern Asia,1,1764662886,0.0,6.25,0.3219,0.6781,2,1,0.0,0.0,0.0,5.0,,,1,1.0,CNX,january,7.31,8.31,8.19,8.2,7.95,6.74,6.56,5.93,6.29,6.58,7.45,7.27,8.2
Colombo|Sri Lanka,Colombo,Sri Lanka,LK,city,Asia,Southern Asia,1,1144251314,0.0,0.0,0.4324,0.5676,2,1,1.0,0.0,0.0,5.0,,,1,1.0,CMB,february,6.47,6.5,7.63,7.14,6.31,5.87,5.94,6.26,6.34,5.91,6.54,6.25,6.99
Cozumel|Mexico,Cozumel,Mexico,MX,city,Americas,Central America,0,,,,,,2,2,0.0,0.0,0.0,7.0,1137.5,475.0,2,0.0,CZM,,,,,,,,,,,,,,
Geneva|Switzerland,Geneva,Switzerland,CH,city,Europe,Western Europe,1,1756810813,4.58,7.66,0.5954,0.4046,2,2,0.0,0.0,0.0,10.0,3600.0,1080.0,1,0.5,GVA,,,,,,,,,,,,,,
Glasgow|United Kingdom,Glasgow,United Kingdom,GB,city,Europe,Northern Europe,1,1826836462,2.89,4.39,0.6583,0.3417,2,2,0.0,0.0,0.0,8.0,1500.0,720.0,1,0.5,GLA,may,6.73,6.74,6.25,6.9,7.45,7.73,6.66,6.95,7.16,6.64,6.33,5.97,6.02
Helsinki|Finland,Helsinki,Finland,FI,city,Europe,Northern Europe,1,1246177997,4.58,5.48,0.6209,0.3791,2,2,0.0,0.0,0.0,5.0,,,2,1.0,HEL,july,6.52,4.61,5.61,5.8,7.19,7.51,6.84,7.8,7.34,7.09,6.45,6.0,5.95
Ho Chi Minh City|Vietnam,Ho Chi Minh City,Vietnam,VN,city,Asia,South-eastern Asia,1,1704774326,0.0,6.97,0.4598,0.5402,2,1,1.0,0.0,0.0,5.0,,,1,1.0,SGN,january,6.9,8.03,7.57,7.94,7.46,6.41,6.22,6.41,6.23,5.88,6.35,6.77,7.56
Istanbul|Turkey,Istanbul,Turkey,TR,city,Asia,Western Asia,1,1792756324,2.89,7.05,0.5782,0.4218,2,1,0.0,0.0,0.0,5.0,,,1,1.0,IST,july,7.52,7.11,6.54,7.37,7.46,7.79,8.34,8.37,8.05,7.73,7.21,7.43,6.84
Kansas City|United States,Kansas City,United States,US,city,Americas,Northern America,1,1840008535,0.0,0.0,0.7312,0.2688,2,1,0.0,0.0,0.0,5.0,,,1,1.0,MCI,august,7.12,6.08,6.19,7.41,7.1,7.52,7.52,7.44,7.73,7.68,7.19,7.34,6.21
Kingston|Jamaica,Kingston,Jamaica,JM,city,Americas,Caribbean,1,1388709177,4.58,0.0,0.5713,0.4287,2,1,1.0,0.0,0.0,5.0,,,1,1.0,KIN,january,7.57,7.93,7.52,7.74,7.76,7.52,7.51,7.49,7.67,7.28,6.68,7.85,7.85
Livingston|United States,Livingston,United States,US,city,Americas,Northern America,0,,,,,,2,1,0.0,0.0,0.0,5.0,,,1,1.0,BZN,,,,,,,,,,,,,,
Luang Prabang|Laos,Luang Prabang,Laos,LA,city,Asia,South-eastern Asia,0,,,,,,2,1,0.0,0.0,0.0,5.0,,,1,1.0,LPQ,,,,,,,,,,,,,,
Manila|Philippines,Manila,Philippines,PH,city,Asia,South-eastern Asia,1,1608618140,2.89,7.1,0.468,0.532,2,1,1.0,0.0,0.0,5.0,,,1,1.0,MNL,march,6.66,7.27,7.26,7.81,6.49,7.23,6.2,5.42,6.56,5.75,6.51,6.5,6.96
Merida|Mexico,Merida,Mexico,MX,city,Americas,Central America,1,1484396779,0.0,4.06,0.3871,0.6129,2,2,1.0,0.0,0.0,5.5,875.0,450.0,1,0.0,MID,april,7.27,7.53,7.66,7.95,7.96,6.79,5.96,6.21,7.11,7.29,7.31,7.74,7.74
Montevideo|Uruguay,Montevideo,Uruguay,UY,city,Americas,South America,1,1858107000,2.89,0.0,0.4744,0.5256,2,1,0.0,0.0,0.0,5.0,,,1,1.0,MVD,january,7.24,7.63,7.17,7.04,7.09,7.17,7.01,7.5,7.04,7.11,7.22,7.33,7.58
Moscow|Russia,Moscow,Russia,RU,city,Europe,Eastern Europe,1,1643318494,5.78,0.0,0.6033,0.3967,2,1,0.0,0.0,0.0,5.0,,,1,1.0,SVO,september,6.65,5.21,6.29,5.93,7.19,7.43,7.23,7.61,7.22,7.79,6.44,6.41,5.03
Naples|Italy,Naples,Italy,IT,city,Europe,Southern Europe,1,1380646673,7.47,7.68,0.4325,0.5675,2,2,0.5,0.0,0.0,10.0,2787.5,1012.5,2,0.0,NAP,june,7.5,6.84,7.21,7.05,7.46,7.81,8.41,8.08,7.76,7.7,7.2,7.01,7.45
Osaka|Japan,Osaka,Japan,JP,city,Asia,Eastern Asia,1,1392419823,8.12,9.99,0.7022,0.2978,2,2,1.0,0.0,0.0,8.5,3475.0,1200.0,2,0.5,KIX,january,7.23,7.75,7.34,7.04,7.41,7.11,7.16,6.17,7.42,7.12,7.1,7.68,7.51
Port-au-Prince|Haiti,Port-au-Prince,Haiti,HT,city,Americas,Caribbean,1,1332401940,0.0,0.0,0.4759,0.5241,2,2,1.0,0.0,0.0,5.0,,,1,1.0,PAP,december,7.41,7.95,8.0,7.67,7.51,7.95,6.59,6.5,6.47,7.47,6.92,7.9,8.04
Prague|Czech Republic,Prague,Czech Republic,CZ,city,Europe,Eastern Europe,1,1203744823,2.89,6.09,0.538,0.462,2,2,0.0,0.0,0.0,5.5,2050.0,1000.0,1,0.5,PRG,august,7.09,5.5,6.44,7.57,7.75,7.52,7.84,7.31,7.87,7.36,6.81,7.09,6.02
Reykjavik|Iceland,Reykjavik,Iceland,IS,city,Europe,Northern Europe,1,1352327190,2.89,3.64,0.5342,0.4658,2,2,0.0,0.0,0.0,5.5,1950.0,950.0,1,0.5,KEF,,,,,,,,,,,,,,
Stockholm|Sweden,Stockholm,Sweden,SE,city,Europe,Northern Europe,1,1752425602,5.78,5.99,0.6352,0.3648,2,2,0.0,0.0,0.0,5.5,1950.0,950.0,2,0.5,ARN,june,6.99,5.08,5.99,7.67,7.58,7.41,7.68,7.41,7.49,7.37,6.99,6.7,6.56
Addis Ababa|Ethiopia,Addis Ababa,Ethiopia,ET,city,Africa,Eastern Africa,1,1231824991,2.89,0.0,0.4179,0.5821,1,1,0.0,0.0,0.0,5.0,,,1,1.0,ADD,november,7.49,8.16,8.12,7.12,7.78,7.8,7.42,6.45,6.16,6.59,7.95,8.22,8.12
Albuquerque|United States,Albuquerque,United States,US,city,Americas,Northern America,1,1840019176,0.0,0.0,0.6878,0.3122,1,1,0.0,0.0,0.0,5.0,,,1,1.0,ABQ,august,7.86,6.72,7.99,7.87,7.88,8.0,8.1,7.94,8.22,7.96,7.77,7.97,7.9
Anaheim|United States,Anaheim,United States,US,city,Americas,Northern America,1,1840019322,2.89,7.61,0.8917,0.1083,1,1,1.0,0.0,0.0,0.0,,,1,0.0,SNA,,,,,,,,,,,,,,
Antananarivo|Madagascar,Antananarivo,Madagascar,MG,city,Africa,Eastern Africa,1,1450978461,2.89,0.0,0.3661,0.6339,1,1,0.0,0.0,0.0,5.0,,,1,1.0,TNR,september,7.31,7.14,6.09,7.16,7.47,7.54,7.81,7.79,7.78,8.04,7.96,6.93,5.99
Asuncion|Paraguay,Asuncion,Paraguay,PY,city,Americas,South America,1,1600057911,0.0,0.0,0.4553,0.5447,1,1,0.0,0.0,0.0,5.0,,,1,1.0,ASU,july,7.23,6.74,6.38,7.48,7.36,7.4,6.96,7.8,7.3,7.36,7.14,7.59,7.24
Belfast|United Kingdom,Belfast,United Kingdom,GB,city,Europe,Northern Europe,1,1826325087,2.89,4.28,0.4774,0.5226,1,1,0.0,0.0,0.0,10.0,1500.0,720.0,1,0.0,BFS,,,,,,,,,,,,,,
Birmingham|United Kingdom,Birmingham,United Kingdom,GB,city,Europe,Northern Europe,1,1826423213,2.89,5.8,0.5846,0.4154,1,1,0.0,0.0,0.0,11.0,1800.0,760.0,1,0.0,BHX,april,7.12,6.73,6.41,7.63,7.8,7.77,7.56,7.6,7.55,6.98,6.8,6.17,6.39
Bucharest|Romania,Bucharest,Romania,RO,city,Europe,Eastern Europe,1,1642414442,0.0,0.0,0.4437,0.5563,1,1,0.0,0.0,0.0,5.0,,,1,1.0,OTP,june,7.44,7.73,6.1,7.44,7.57,7.24,8.38,8.18,8.23,7.89,6.85,6.49,7.14
Budapest|Hungary,Budapest,Hungary,HU,city,Europe,Eastern Europe,1,1348611435,2.89,5.91,0.5181,0.4819,1,1,0.0,0.0,0.0,5.0,,,1,1.0,BUD,june,7.36,5.97,6.37,7.2,7.7,7.43,8.37,7.9,7.95,7.78,7.59,6.92,7.08
Cairo|Egypt,Cairo,Egypt,EG,city,Africa,Northern Africa,1,1818253931,4.58,0.0,0.4797,0.5203,1,1,0.0,0.0,0.0,5.0,,,1,1.0,CAI,may,7.74,8.0,7.96,8.11,8.13,8.17,7.13,7.16,7.0,6.95,8.16,8.07,8.07
Christchurch|New Zealand,Christchurch,New Zealand,NZ,city,Oceania,Australia and New Zealand,1,1554377228,0.0,4.48,0.3658,0.6342,1,1,0.0,0.0,0.0,5.0,,,1,1.0,CHC,,,,,,,,,,,,,,
Da Lat|Vietnam,Da Lat,Vietnam,VN,city,Asia,South-eastern Asia,0,,,,,,1,1,0.0,0.0,0.0,5.0,,,1,1.0,DLI,,,,,,,,,,,,,,
Dakar|Senegal,Dakar,Senegal,SN,city,Africa,Western Africa,1,1686604760,2.89,0.0,0.5685,0.4315,1,1,0.0,0.0,0.0,5.0,,,1,1.0,DKR,june,7.59,7.83,7.79,7.55,7.72,7.84,7.95,7.72,6.86,7.16,7.7,7.46,7.48
Dar es Salaam|Tanzania,Dar es Salaam,Tanzania,TZ,city,Africa,Eastern Africa,1,1834843853,0.0,0.0,0.3207,0.6793,1,1,0.0,0.0,0.0,5.0,,,1,1.0,DAR,july,7.23,7.42,7.66,7.08,6.09,6.39,7.19,7.71,7.64,7.53,7.07,7.52,7.4
Delhi|India,Delhi,India,IN,city,Asia,Southern Asia,1,1356872604,5.78,0.0,0.5502,0.4498,1,1,0.0,0.0,0.0,5.0,,,1,1.0,DEL,november,7.44,7.92,7.89,8.18,6.96,6.61,6.1,7.07,6.58,7.53,7.99,8.26,8.19
Denpasar|Indonesia,Denpasar,Indonesia,ID,city,Asia,South-eastern Asia,1,1360848527,2.89,0.0,0.3416,0.6584,1,1,1.0,0.0,0.0,5.0,,,1,1.0,DPS,april,6.69,5.92,6.34,6.55,7.41,6.36,6.58,6.9,7.14,6.82,6.93,6.73,6.64
Doha|Qatar,Doha,Qatar,QA,city,Asia,Western Asia,1,1634459660,0.0,5.95,0.6467,0.3533,1,1,0.0,0.0,0.0,5.0,,,1,1.0,DOH,november,7.32,8.03,7.55,7.75,6.91,6.96,6.95,6.91,6.97,6.91,6.94,8.14,7.8
Duesseldorf|Germany,Duesseldorf,Germany,DE,city,Europe,Western Europe,1,1276615258,6.71,7.29,0.7405,0.2595,1,1,0.0,0.0,0.0,5.0,,,1,1.0,DUS,march,7.2,6.24,7.17,7.82,7.47,7.75,7.66,7.39,7.67,7.19,6.59,6.55,6.92
Erbil|Iraq,Erbil,Iraq,IQ,city,Asia,Western Asia,1,1368578192,2.89,0.0,0.2975,0.7025,1,1,0.0,0.0,0.0,5.0,,,1,1.0,EBL,october,7.54,7.9,7.56,7.86,7.58,7.97,7.15,7.1,7.07,7.07,8.14,7.96,7.14
George Town|Cayman Islands,George Town,Cayman Islands,KY,city,Americas,Caribbean,0,,,,,,1,1,0.0,0.0,0.0,7.0,1200.0,500.0,1,0.0,GCM,,,,,,,,,,,,,,
Guayaquil|Ecuador,Guayaquil,Ecuador,EC,city,Americas,South America,1,1218802178,0.0,0.0,0.4718,0.5282,1,1,0.0,0.0,0.0,5.0,,,1,1.0,GYE,august,7.49,7.44,6.05,6.15,6.8,7.73,8.04,8.08,8.14,8.1,7.66,7.57,8.12
Hamburg|Germany,Hamburg,Germany,DE,city,Europe,Western Europe,1,1276041799,2.89,6.53,0.5623,0.4377,1,1,0.0,0.0,0.0,10.0,2600.0,905.0,1,0.0,HAM,march,7.13,6.46,6.12,7.87,7.71,7.64,7.48,6.78,7.72,7.53,6.57,6.72,6.97
Hawaii|United States,Hawaii,United States,US,region,Americas,Northern America,0,,,,,,1,1,0.0,0.0,0.0,9.0,2000.0,800.0,0,0.0,,,,,,,,,,,,,,,
Iceland's Ring Road|Iceland,Iceland's Ring Road,Iceland,IS,city,Europe,Northern Europe,0,,,,,,1,1,0.0,0.0,0.0,5.0,,,1,1.0,KEF,,,,,,,,,,,,,,
Indianapolis|United States,Indianapolis,United States,US,city,Americas,Northern America,1,1840030084,0.0,0.0,0.7287,0.2713,1,1,0.0,0.0,0.0,1.0,,,1,0.0,IND,august,6.94,5.87,5.76,7.02,7.08,7.1,7.16,7.43,8.0,7.82,7.55,6.96,5.51
Jakarta|Indonesia,Jakarta,Indonesia,ID,city,Asia,South-eastern Asia,1,1360771077,0.0,0.0,0.3775,0.6225,1,1,1.0,0.0,0.0,5.0,,,1,1.0,CGK,july,6.65,6.01,6.15,6.28,6.45,6.91,6.83,7.15,7.03,6.99,6.76,6.64,6.57
Jerusalem|Israel,Jerusalem,Israel,IL,city,Asia,Western Asia,1,1376261644,8.67,0.0,0.5948,0.4052,1,1,1.0,0.0,0.0,5.0,,,1,1.0,TLV,june,7.84,7.77,7.04,7.63,7.81,8.01,8.27,8.21,8.21,8.1,8.12,7.66,7.28
Johannesburg|South Africa,Johannesburg,South Africa,ZA,city,Africa,Southern Africa,1,1710550792,4.58,0.0,0.6185,0.3815,1,1,0.0,0.0,0.0,5.0,,,1,1.0,JNB,may,7.4,7.3,6.55,6.79,7.24,8.14,8.02,8.11,7.99,7.75,7.5,6.58,6.83
Kingstown|Saint Vincent and the Grenadines,Kingstown,Saint Vincent and the Grenadines,VC,city,Americas,Caribbean,0,,,,,,1,1,0.0,0.0,0.0,5.0,,,1,1.0,SVD,,,,,,,,,,,,,,
Kinshasa|Congo (Kinshasa),Kinshasa,Congo (Kinshasa),CD,city,Africa,Middle Africa,1,1180000363,0.0,0.0,0.3118,0.6882,1,1,0.0,0.0,0.0,5.0,,,1,1.0,FIH,august,7.28,7.01,6.91,7.07,6.71,6.9,7.94,8.2,8.21,7.98,7.18,6.46,6.81
Knoxville|United States,Knoxville,United States,US,city,Americas,Northern America,1,1840014486,0.0,2.19,0.635,0.365,1,1,0.0,0.0,0.0,5.0,,,1,1.0,TYS,july,7.2,5.98,7.04,7.39,7.34,6.66,7.38,7.68,7.49,7.57,7.55,7.15,7.13
Kuala Lumpur|Malaysia,Kuala Lumpur,Malaysia,MY,city,Asia,South-eastern Asia,1,1458988644,2.89,6.85,0.3883,0.6117,1,1,1.0,0.0,0.0,5.0,,,1,1.0,KUL,july,6.84,6.38,6.89,6.51,6.49,6.78,7.39,7.58,7.11,6.97,7.11,6.33,6.57
Kuching|Malaysia,Kuching,Malaysia,MY,city,Asia,South-eastern Asia,1,1458462262,0.0,0.0,0.2437,0.7563,1,1,1.0,0.0,0.0,5.0,,,1,1.0,KCH,,,,,,,,,,,,,,
Kyiv|Ukraine,Kyiv,Ukraine,UA,city,Europe,Eastern Europe,1,1804382913,2.89,0.0,0.4227,0.5773,1,1,0.0,0.0,0.0,5.0,,,1,1.0,KBP,august,6.94,5.62,6.3,7.25,7.58,6.88,7.53,7.64,8.07,7.98,6.61,6.62,5.23
Lagos|Nigeria,Lagos,Nigeria,NG,city,Africa,Western Africa,1,1566593751,0.0,0.0,0.4766,0.5234,1,1,1.0,0.0,0.0,5.0,,,1,1.0,LOS,january,6.83,7.61,7.36,7.04,6.69,6.83,6.17,6.56,6.44,6.1,6.61,7.12,7.44
Leon/Guanajuato|Mexico,Leon/Guanajuato,Mexico,MX,city,Americas,Central America,0,,,,,,1,1,0.0,0.0,0.0,4.0,700.0,450.0,1,0.0,BJX,,,,,,,,,,,,,,
Managua|Nicaragua,Managua,Nicaragua,NI,city,Americas,Central America,1,1558296252,2.89,0.0,0.5492,0.4508,1,1,0.0,0.0,0.0,5.0,,,1,1.0,MGA,february,6.66,7.3,7.47,6.65,6.47,5.83,6.08,6.69,6.69,6.41,6.19,7.12,7.04
Maputo|Mozambique,Maputo,Mozambique,MZ,city,Africa,Eastern Africa,1,1508074843,0.0,0.0,0.2526,0.7474,1,1,1.0,0.0,0.0,5.0,,,1,1.0,MPM,may,7.38,6.93,6.56,7.26,7.27,8.0,7.99,7.82,7.81,7.2,7.63,7.14,6.91
Marrakech|Morocco,Marrakech,Morocco,MA,city,Africa,Northern Africa,1,1504172585,2.89,0.0,0.4187,0.5813,1,1,0.0,0.0,0.0,7.0,600.0,400.0,0,0.0,,october,7.61,8.12,7.88,7.48,7.73,8.05,6.98,7.09,6.99,7.96,8.19,7.79,7.04
McAllen|United States,McAllen,United States,US,city,Americas,Northern America,1,1840021024,0.0,0.0,0.5853,0.4147,1,1,0.0,0.0,0.0,0.0,,,1,0.0,MFE,october,7.21,6.91,7.36,7.61,7.8,7.46,6.1,6.47,6.46,7.27,7.83,7.67,7.61
Memphis|United States,Memphis,United States,US,city,Americas,Northern America,1,1840015457,0.0,2.83,0.7148,0.2852,1,1,0.0,0.0,0.0,5.0,,,1,1.0,MEM,august,7.26,6.21,6.94,7.38,7.17,6.7,7.37,7.72,8.02,7.68,7.42,7.28,7.19
Monrovia|Liberia,Monrovia,Liberia,LR,city,Africa,Western Africa,1,1430477826,0.0,0.0,0.3659,0.6341,1,1,1.0,0.0,0.0,5.0,,,1,1.0,ROB,january,6.33,7.37,7.32,7.14,6.45,6.11,5.7,5.58,5.35,5.65,6.14,6.38,6.75
Montrose CO|United States,Montrose CO,United States,US,city,Americas,Northern America,0,,,,,,1,1,0.0,1.0,0.0,7.0,2950.0,455.0,1,0.0,MTJ,,,,,,,,,,,,,,
Mumbai|India,Mumbai,India,IN,city,Asia,Southern Asia,1,1356226629,6.71,0.0,0.5138,0.4862,1,1,1.0,0.0,0.0,5.0,,,1,1.0,BOM,april,7.03,8.19,8.15,8.15,8.2,6.79,5.58,5.12,5.4,5.73,6.99,7.91,8.14
Muscat|Oman,Muscat,Oman,OM,city,Asia,Western Asia,1,1512035506,0.0,0.0,0.4355,0.5645,1,1,1.0,0.0,0.0,5.0,,,1,1.0,MCT,october,7.39,7.89,7.85,8.02,6.88,6.85,6.85,6.87,6.74,6.85,8.08,8.04,7.74
Nairobi|Kenya,Nairobi,Kenya,KE,city,Africa,Eastern Africa,1,1404000661,0.0,0.0,0.4258,0.5742,1,1,0.0,0.0,0.0,5.0,,,1,1.0,NBO,february,7.22,7.8,7.94,6.95,6.46,6.86,7.38,7.68,7.32,7.83,7.15,6.53,6.7
Napa|United States,Napa,United States,US,city,Americas,Northern America,0,,,,,,1,1,0.0,0.0,0.0,5.0,,,1,1.0,SFO,,,,,,,,,,,,,,
Oakland|United States,Oakland,United States,US,city,Americas,Northern America,1,1840020296,0.0,8.15,0.8436,0.1564,1,1,0.0,0.0,0.0,2.0,,,1,0.0,OAK,june,7.76,7.81,6.96,7.16,7.94,8.29,8.35,8.15,8.3,7.88,7.61,7.49,7.17
Oaxaca|Mexico,Oaxaca,Mexico,MX,city,Americas,Central America,1,1484301467,4.58,5.03,0.3597,0.6403,1,1,0.0,0.0,0.0,5.0,,,1,1.0,OAX,,,,,,,,,,,,,,
Oklahoma City|United States,Oklahoma City,United States,US,city,Americas,Northern America,1,1840020428,0.0,0.0,0.6827,0.3173,1,1,0.0,0.0,0.0,1.0,,,1,0.0,OKC,july,7.28,6.26,6.24,7.51,6.89,7.6,7.32,7.76,7.4,7.74,7.41,7.61,7.63
Oranjestad|Aruba,Oranjestad,Aruba,AW,city,Americas,Caribbean,0,,,,,,1,1,0.0,0.0,0.0,7.0,1200.0,500.0,1,0.0,AUA,,,,,,,,,,,,,,
Oslo|Norway,Oslo,Norway,NO,city,Europe,Northern Europe,1,1578324706,0.0,5.38,0.6048,0.3952,1,1,0.0,0.0,0.0,5.0,,,1,1.0,OSL,may,6.93,5.35,5.86,7.61,7.67,7.83,7.58,7.43,7.41,6.82,6.72,6.61,6.31
Panama City|Panama,Panama City,Panama,PA,city,Americas,Central America,1,1591672475,2.89,0.0,0.6946,0.3054,1,1,1.0,0.0,0.0,5.0,,,1,1.0,PTY,march,6.46,6.79,7.12,7.26,6.68,6.15,5.88,6.3,6.31,6.15,6.17,6.04,6.62
Paro|Bhutan,Paro,Bhutan,BT,city,Asia,Southern Asia,0,,,,,,1,1,0.0,0.0,0.0,5.0,,,1,1.0,PBH,,,,,,,,,,,,,,
Penang|Malaysia,Penang,Malaysia,MY,city,Asia,South-eastern Asia,0,,,,,,1,1,0.0,0.0,0.0,5.0,,,1,1.0,PEN,,,,,,,,,,,,,,
Philipsburg|Netherlands Antilles,Philipsburg,Netherlands Antilles,SX,city,Americas,Caribbean,0,,,,,,1,1,0.0,0.0,0.0,5.0,,,1,1.0,SXM,,,,,,,,,,,,,,
Port of Spain|Trinidad and Tobago,Port of Spain,Trinidad and Tobago,TT,city,Americas,Caribbean,0,,,,,,1,1,0.0,0.0,0.0,5.0,,,1,1.0,POS,,,,,,,,,,,,,,
Providenciales|Turks and Caicos,Providenciales,Turks and Caicos,TC,city,Americas,Caribbean,0,,,,,,1,1,0.0,0.0,0.0,7.0,1225.0,525.0,1,0.0,PLS,,,,,,,,,,,,,,
Puebla|Mexico,Puebla,Mexico,US,city,Americas,Northern America,1,1484416394,4.58,4.28,0.3582,0.6418,1,1,0.0,0.0,0.0,0.0,,,1,0.0,PBC,november,7.65,7.86,7.96,8.12,8.04,7.43,6.74,7.62,7.55,6.96,7.45,8.14,7.94
Quebec City|Canada,Quebec City,Canada,CA,city,Americas,Northern America,1,1124823933,2.89,5.53,0.5355,0.4645,1,1,0.0,0.0,0.0,5.0,,,1,1.0,YQB,september,6.29,5.15,5.25,5.39,5.47,6.8,7.31,7.31,7.69,7.77,7.27,4.98,5.1
Reykjavík|Iceland,Reykjavík,Iceland,IS,city,Europe,Northern Europe,1,1352327190,2.89,3.64,0.5342,0.4658,1,1,0.0,0.0,0.0,5.0,,,1,1.0,KEF,,,,,,,,,,,,,,
Rhine and Rothenburg|Germany,Rhine and Rothenburg,Germany,DE,city,Europe,Western Europe,0,,,,,,1,1,0.0,0.0,0.0,5.0,,,1,1.0,FRA,,,,,,,,,,,,,,
Riyadh|Saudi Arabia,Riyadh,Saudi Arabia,SA,city,Asia,Western Asia,1,1682999334,2.89,5.58,0.4431,0.5569,1,1,0.0,0.0,0.0,5.0,,,1,1.0,RUH,november,7.53,8.04,7.65,7.9,6.99,7.06,7.09,7.05,7.0,7.03,8.31,8.32,7.92
San Luis Potosi|Mexico,San Luis Potosi,Mexico,MX,city,Americas,Central America,1,1484583620,2.89,0.0,0.3895,0.6105,1,1,0.0,0.0,0.0,4.0,700.0,450.0,1,0.0,SLP,april,7.71,7.79,8.02,8.12,8.16,7.75,6.76,7.33,7.55,7.21,7.73,8.16,7.94
Santiago|Chile,Santiago,Chile,CL,city,Americas,South America,1,1152554349,0.0,0.0,0.6363,0.3637,1,1,0.0,0.0,0.0,5.0,,,1,1.0,SCL,january,8.13,8.51,8.43,8.25,8.22,7.8,7.92,8.12,7.47,8.09,8.18,8.3,8.3
Santo Domingo|Dominican Republic,Santo Domingo,Dominican Republic,DO,city,Americas,Caribbean,1,1214636202,2.89,0.0,0.6431,0.3569,1,1,1.0,0.0,0.0,5.0,,,1,1.0,SDQ,december,7.07,7.49,7.36,7.25,7.02,7.03,6.75,6.76,6.91,6.78,6.56,7.31,7.56
Santorini|Greece,Santorini,Greece,GR,region,Europe,Southern Europe,0,,,,,,1,1,0.0,0.0,0.0,7.0,1000.0,150.0,0,0.0,,,,,,,,,,,,,,,
Shannon|Ireland,Shannon,Ireland,IE,city,Europe,Northern Europe,0,,,,,,1,1,0.0,0.0,0.0,6.0,2050.0,1000.0,1,0.0,SNN,,,,,,,,,,,,,,
Split|Croatia,Split,Croatia,HR,city,Europe,Southern Europe,1,1191440208,6.71,4.82,0.3897,0.6103,1,1,0.0,0.0,0.0,5.0,,,1,1.0,SPU,,,,,,,,,,,,,,
St. John's|Canada,St. John's,Canada,CA,city,Americas,Northern America,0,,,,,,1,1,0.0,0.0,0.0,5.0,,,1,1.0,YYT,,,,,,,,,,,,,,
Tashkent|Uzbekistan,Tashkent,Uzbekistan,UZ,city,Asia,Central Asia,1,1860331871,2.89,0.0,0.4103,0.5897,1,1,0.0,0.0,0.0,5.0,,,1,1.0,TAS,september,7.31,6.08,5.97,7.45,7.82,8.15,7.02,7.21,7.17,8.27,8.05,7.96,6.53
Tbilisi|Georgia,Tbilisi,Georgia,GE,city,Asia,Western Asia,1,1268203191,2.89,0.0,0.3141,0.6859,1,1,0.0,0.0,0.0,5.0,,,1,1.0,TBS,november,7.47,7.77,6.01,7.6,6.89,7.33,7.91,7.95,8.07,7.3,7.39,8.11,7.25
Tehran|Iran,Tehran,Iran,IR,city,Asia,Southern Asia,1,1364305026,5.78,0.0,0.3492,0.6508,1,1,0.0,0.0,0.0,5.0,,,1,1.0,IKA,june,7.81,7.89,6.46,7.85,7.92,8.35,8.45,7.17,7.26,8.34,8.28,8.21,7.57
Tel Aviv|Israel,Tel Aviv,Israel,IL,city,Asia,Western Asia,1,1376401542,4.58,0.0,0.5531,0.4469,1,1,1.0,0.0,0.0,5.0,,,1,1.0,TLV,june,7.9,7.86,7.23,7.78,7.83,8.18,8.39,8.39,8.29,8.13,8.08,7.66,7.03
Tripoli|Libya,Tripoli,Libya,LY,city,Africa,Northern Africa,1,1434201852,0.0,0.0,0.2822,0.7178,1,1,0.0,0.0,0.0,5.0,,,1,1.0,TIP,july,7.94,7.65,7.79,7.65,7.87,7.91,8.34,8.44,8.36,8.07,7.89,7.77,7.48
Veracruz|Mexico,Veracruz,Mexico,MX,city,Americas,Central America,1,1484992153,0.0,0.0,0.3051,0.6949,1,1,1.0,0.0,0.0,4.0,675.0,425.0,1,0.0,VER,march,7.09,7.28,7.28,7.86,7.85,7.6,6.2,6.85,6.99,6.39,6.84,6.88,7.01
Windhoek|Namibia,Windhoek,Namibia,NA,city,Africa,Southern Africa,1,1516802003,0.0,0.0,0.3518,0.6482,1,1,0.0,0.0,0.0,5.0,,,1,1.0,WDH,may,7.79,7.77,7.41,7.24,7.71,8.12,8.11,8.01,8.12,8.07,7.91,7.82,7.25
Yangon|Burma,Yangon,Burma,MM,city,Asia,South-eastern Asia,0,,,,,,1,1,0.0,0.0,0.0,5.0,,,1,1.0,RGN,,,,,,,,,,,,,,
Yerevan|Armenia,Yerevan,Armenia,AM,city,Asia,Western Asia,1,1051074169,4.58,0.0,0.3193,0.6807,1,1,0.0,0.0,0.0,5.0,,,1,1.0,EVN,june,7.49,6.88,6.3,7.94,6.95,7.74,8.35,8.28,6.94,8.1,7.87,8.19,6.3
