COUNTRY,COUNTRY_NAME,PRICE_LEVEL_INDEX,PRICE_SCORE
BI,Burundi,18.74,10.0
EG,Egypt,15.27,10.0
IR,Iran,19.92,10.0
NG,Nigeria,12.84,10.0
LA,Laos,22.39,9.76
SL,Sierra Leone,22.77,9.72
BT,Bhutan,22.93,9.71
IN,India,23.0,9.7
PK,Pakistan,24.28,9.57
MM,Burma,24.77,9.52
GM,"Gambia, The",24.8,9.52
NP,Nepal,24.87,9.51
BD,Bangladesh,25.58,9.44
ET,Ethiopia,25.75,9.42
RW,Rwanda,26.98,9.3
TJ,Tajikistan,27.64,9.24
TL,Timor-Leste,27.88,9.21
VN,Vietnam,28.01,9.2
AZ,Azerbaijan,28.38,9.16
MR,Mauritania,28.63,9.14
ID,Indonesia,28.65,9.13
TM,Turkmenistan,28.94,9.11
UZ,Uzbekistan,29.18,9.08
LK,Sri Lanka,29.31,9.07
TZ,Tanzania,29.5,9.05
BY,Belarus,29.61,9.04
ZM,Zambia,30.09,8.99
AO,Angola,30.53,8.95
TN,Tunisia,30.57,8.94
MG,Madagascar,30.69,8.93
TH,Thailand,30.69,8.93
UA,Ukraine,31.03,8.9
SR,Suriname,31.21,8.88
MY,Malaysia,31.63,8.84
DZ,Algeria,32.56,8.74
SZ,Eswatini,32.79,8.72
GE,Georgia,32.95,8.71
GY,Guyana,33.11,8.69
KZ,Kazakhstan,33.17,8.68
PH,Philippines,33.16,8.68
KG,Kyrgyzstan,33.42,8.66
KH,Cambodia,33.62,8.64
KE,Kenya,33.68,8.63
TG,Togo,33.92,8.61
CM,Cameroon,34.08,8.59
GW,Guinea-Bissau,34.12,8.59
ML,Mali,34.07,8.59
LS,Lesotho,34.2,8.58
MN,Mongolia,34.18,8.58
NI,Nicaragua,34.18,8.58
BJ,Benin,34.43,8.56
UG,Uganda,34.59,8.54
CG,Congo (Brazzaville),34.69,8.53
PY,Paraguay,34.82,8.52
BN,Brunei,34.87,8.51
TD,Chad,35.22,8.48
MW,Malawi,35.36,8.46
RU,Russia,35.4,8.46
NE,Niger,35.61,8.44
SN,Senegal,35.78,8.42
MZ,Mozambique,36.92,8.31
CI,Côte d’Ivoire,37.16,8.28
GA,Gabon,37.19,8.28
BF,Burkina Faso,37.36,8.26
MK,North Macedonia,37.43,8.26
BW,Botswana,37.58,8.24
CO,Colombia,37.82,8.22
GH,Ghana,37.83,8.22
IQ,Iraq,37.92,8.21
GN,Guinea,38.04,8.2
AM,Armenia,38.27,8.17
DO,Dominican Republic,38.51,8.15
MU,Mauritius,38.59,8.14
LY,Libya,39.03,8.1
BO,Bolivia,39.99,8.0
BA,Bosnia and Herzegovina,40.22,7.98
SO,Somalia,40.25,7.98
FJ,Fiji,40.65,7.93
NA,Namibia,40.68,7.93
SV,El Salvador,40.9,7.91
GQ,Equatorial Guinea,41.0,7.9
TR,Turkey,41.07,7.89
ZA,South Africa,41.48,7.85
ME,Montenegro,41.83,7.82
CD,Congo (Kinshasa),42.02,7.8
MA,Morocco,42.05,7.8
CF,Central African Republic,42.33,7.77
JO,Jordan,42.34,7.77
EC,Ecuador,42.52,7.75
BH,Bahrain,43.1,7.69
MD,Moldova,43.12,7.69
GT,Guatemala,43.42,7.66
RO,Romania,44.28,7.57
RS,Serbia,45.01,7.5
PA,Panama,45.08,7.49
AR,Argentina,45.72,7.43
BR,Brazil,45.72,7.43
BG,Bulgaria,45.73,7.43
HN,Honduras,45.71,7.43
AL,Albania,46.06,7.39
DJ,Djibouti,46.21,7.38
LR,Liberia,46.2,7.38
ZW,Zimbabwe,46.7,7.33
SA,Saudi Arabia,46.81,7.32
OM,Oman,47.16,7.28
CN,China,47.26,7.27
CV,Cabo Verde,47.65,7.24
CL,Chile,47.64,7.24
DM,Dominica,48.38,7.16
KM,Comoros,48.5,7.15
TT,Trinidad and Tobago,51.1,6.89
MV,Maldives,51.18,6.88
LC,Saint Lucia,51.43,6.86
PE,Peru,51.47,6.85
HU,Hungary,51.98,6.8
PL,Poland,52.37,6.76
BZ,Belize,52.56,6.74
SD,Sudan,53.12,6.69
HR,Croatia,53.2,6.68
MX,Mexico,53.69,6.63
SC,Seychelles,54.25,6.58
VC,Saint Vincent and the Grenadines,55.1,6.49
MO,Macau,55.39,6.46
QA,Qatar,56.27,6.37
GD,Grenada,56.72,6.33
LV,Latvia,57.03,6.3
KW,Kuwait,57.22,6.28
KR,"Korea, South",57.39,6.26
PG,Papua New Guinea,57.9,6.21
SK,Slovakia,57.89,6.21
LT,Lithuania,57.99,6.2
CR,Costa Rica,59.06,6.09
CZ,Czechia,59.38,6.06
GR,Greece,59.54,6.05
JM,Jamaica,60.21,5.98
PT,Portugal,60.37,5.96
SG,Singapore,60.49,5.95
WS,Samoa,63.02,5.7
SI,Slovenia,63.09,5.69
PS,Palestine,63.43,5.66
ST,Sao Tome and Principe,63.93,5.61
ES,Spain,64.52,5.55
CY,Cyprus,64.71,5.53
JP,Japan,64.87,5.51
KI,Kiribati,65.0,5.5
UY,Uruguay,65.81,5.42
EE,Estonia,66.05,5.39
MT,Malta,66.34,5.37
AD,Andorra,68.23,5.18
KN,Saint Kitts and Nevis,68.58,5.14
IT,Italy,68.96,5.1
AG,Antigua and Barbuda,69.26,5.07
HK,Hong Kong,70.85,4.91
SB,Solomon Islands,74.84,4.52
TO,Tonga,75.47,4.45
SX,Sint Maarten,76.08,4.39
FR,France,76.57,4.34
PR,Puerto Rico,77.82,4.22
DE,Germany,80.23,3.98
BE,Belgium,81.35,3.86
AT,Austria,81.96,3.8
CA,Canada,83.45,3.66
NL,Netherlands,84.38,3.56
PW,Palau,84.73,3.53
IE,Ireland,84.85,3.52
FI,Finland,85.22,3.48
HT,Haiti,85.97,3.4
NZ,New Zealand,86.47,3.35
SE,Sweden,87.05,3.3
GB,United Kingdom,89.16,3.08
VU,Vanuatu,89.25,3.08
AU,Australia,90.54,2.95
NO,Norway,90.92,2.91
DK,Denmark,92.49,2.75
LU,Luxembourg,94.07,2.59
MH,Marshall Islands,94.7,2.53
FM,"Micronesia, Federated States of",95.87,2.41
US,United States,100.0,2.0
IL,Israel,101.04,1.9
NR,Nauru,103.09,1.69
BB,Barbados,109.54,1.05
CH,Switzerland,111.96,0.8
IS,Iceland,117.85,0.22
AF,Afghanistan,,
AS,American Samoa,,
AI,Anguilla,,
AW,Aruba,,
BS,"Bahamas, The",,
BM,Bermuda,,
BQ,"Bonaire, Sint Eustatius, and Saba",,
KY,Cayman Islands,,
CX,Christmas Island,,
CK,Cook Islands,,
CU,Cuba,,
CW,Curaçao,,
ER,Eritrea,,
FK,Falkland Islands (Islas Malvinas),,
FO,Faroe Islands,,
GF,French Guiana,,
PF,French Polynesia,,
XG,Gaza Strip,,
GI,Gibraltar,,
GL,Greenland,,
GP,Guadeloupe,,
GU,Guam,,
GG,Guernsey,,
IM,Isle of Man,,
JE,Jersey,,
KP,"Korea, North",,
XK,Kosovo,,
LB,Lebanon,,
LI,Liechtenstein,,
MQ,Martinique,,
YT,Mayotte,,
MC,Monaco,,
MS,Montserrat,,
NC,New Caledonia,,
NU,Niue,,
NF,Norfolk Island,,
MP,Northern Mariana Islands,,
PN,Pitcairn Islands,,
RE,Reunion,,
BL,Saint Barthelemy,,
SH,"Saint Helena, Ascension, and Tristan da Cunha",,
MF,Saint Martin,,
PM,Saint Pierre and Miquelon,,
SM,San Marino,,
GS,South Georgia and South Sandwich Islands,,
SS,South Sudan,,
XR,Svalbard,,
SY,Syria,,
TW,Taiwan,,
TC,Turks and Caicos Islands,,
TV,Tuvalu,,
VI,U.S. Virgin Islands,,
AE,United Arab Emirates,,
VA,Vatican City,,
VE,Venezuela,,
VG,"Virgin Islands, British",,
WF,Wallis and Futuna,,
XW,West Bank,,
YE,Yemen,,
