Passport,,,,,,,,,,,,,
,Number of Foreign Tourist Visits per Month by Passport (Visit),,,,,,,,,,,,
,2025,,,,,,,,,,,,
,January,February,March,April,May,June,July,August,September,October,November,December,Annually
Malaysia,221474,214605,159895,170018,238497,236417,212113,229726,272421,234384,207037,243162,2639749
Singapore,110484,89757,100883,97506,126391,183748,114224,129864,119237,123578,126254,204512,1526438
Timor Leste,75735,61770,63471,69721,80809,82296,90840,89516,86861,90077,98987,119098,1009181
Indonesia,46451,42534,35310,45118,51180,69252,55391,62962,54550,58476,50980,59812,632016
Philippines,16370,15505,15457,18652,23264,24580,22132,22278,20437,22948,22054,23051,246728
Thailand,6043,7262,6536,10073,11683,9490,11397,11953,10099,11124,8423,8054,112137
Vietnam,5821,6781,6087,7446,7151,7736,9192,9152,6963,6802,7182,7085,87398
Myanmar/Burma,5235,3061,4020,5293,4837,5271,4468,5035,4517,4779,4440,6191,57147
Brunei Darussalam,2095,2226,1314,1789,2563,3348,2267,3659,2058,2158,2735,5585,31797
Kamboja,725,762,741,892,804,798,1031,986,813,1104,1393,900,10949
Laos,137,235,185,425,342,270,335,412,268,270,298,224,3401
A S E A N,490570,444498,393899,426933,547521,623206,523390,565543,578224,555700,529783,677674,6356941
"Hongkong, RRT",8417,6070,7340,10400,10901,13022,13417,13412,11483,13086,11120,12472,131140
Republik Rakyat Tiongkok,111226,89302,84497,106553,114706,113520,144531,140667,113264,119617,105505,100686,1344074
India,47600,49028,54564,61694,84381,80992,59775,54902,55809,55387,57486,72872,734490
South Korea,47814,39362,27278,33281,38581,41529,54261,49382,41605,46778,38153,38838,496862
Japan,22041,30450,29533,23534,25758,29569,34433,50977,39664,33001,28149,32970,380079
Turki,4796,4054,4913,4538,6668,7714,6146,6073,6945,5527,5349,4179,66902
Mongolia,2043,753,540,426,269,373,434,292,379,604,725,2870,9708
Kazakhstan,2764,2153,1789,1861,1486,1781,2422,2076,1347,2060,2028,2657,24424
Pakistan,2406,2205,1103,2550,2455,3429,4017,3953,3410,3332,3461,4027,36348
Uzbekistan,1374,901,279,523,477,786,1360,1202,496,786,1087,1209,10480
Bangladesh,1717,1531,1486,1815,1820,1280,1120,1291,1524,1716,2228,1801,19329
Nepal,904,996,1083,1247,1430,1319,1798,1717,1282,1484,1256,1320,15836
Taiwan,20452,14277,14040,16271,17231,18610,20168,19164,17965,20161,13958,12407,204704
Srilanka,724,673,811,1078,1195,1041,1294,1212,1393,1206,1225,1146,12998
Other Asia,29583,20937,21876,27467,28919,32671,34775,33800,30533,34436,26221,26143,347361
Maldives,203,218,142,420,447,405,432,366,362,351,392,387,4125
Kirgistan,208,135,159,128,131,143,107,197,135,186,166,278,1973
Tajikhistan,56,50,22,36,21,28,86,81,50,41,62,39,572
Bhutan,99,81,60,57,46,91,85,65,77,86,141,72,960
Afganistan,36,18,19,18,44,52,35,48,66,75,46,106,563
Turkmenistan,61,37,45,37,33,97,115,90,81,55,54,52,757
Stateless,2,3,2,3,1,10,3,4,5,2,6,4,45
Korea Utara,4,0,1,5,0,5,4,0,4,0,5,4,32
"Macao, RRT",29,42,43,91,63,202,319,366,301,385,270,319,2430
British Indian Ocean Teritory,0,0,0,0,0,0,0,0,0,0,0,0,0
Lain-lain,28914,20395,21426,26763,28196,31840,33908,32949,29753,33640,25349,25201,338334
TOTAL ASIA (Excl.ASEAN),274992,242345,229752,266567,308145,316004,346366,347544,297651,305934,272873,290718,3498891
Saudi Arabia,9636,4034,2413,10820,13784,16021,25923,18415,12639,12176,18321,12136,156318
Oman,1155,827,126,890,1300,2486,2831,1958,1102,1308,1391,1289,16663
Egypt,1131,1045,801,1995,2134,2697,2218,1933,2137,2386,1710,1843,22030
Jordan,622,549,449,776,715,987,1093,906,914,902,786,767,9466
Uni Emirat Arab,513,527,296,929,1063,1529,1679,1287,878,900,820,872,11293
Yaman,461,305,205,481,722,817,1030,924,651,720,778,667,7761
Other Middle East,1782,1718,2995,2421,2944,3667,3746,4544,3918,3289,2952,2591,36567
Iran,353,396,1955,547,855,597,429,809,1104,825,770,798,9438
Kuwait,293,230,84,266,343,581,843,1226,421,343,246,290,5166
Irak,400,433,189,445,417,573,409,544,693,577,586,413,5679
Syiria,174,117,181,257,332,468,439,431,389,406,367,307,3868
Palestina,186,160,97,232,255,322,339,369,385,284,341,235,3205
Libanon,169,201,317,319,376,533,612,549,556,375,296,274,4577
Bahrain,120,96,73,194,218,297,276,273,173,277,212,145,2354
Qatar,71,64,82,129,90,272,320,281,120,116,93,88,1726
Israel,16,21,17,32,58,24,79,62,77,86,41,41,554
TOTAL MIDDLE EAST,15300,9005,7285,18312,22662,28204,38520,29967,22239,21681,26758,20165,260098
United Kingdom,26507,25269,33623,40946,36877,36189,43372,43868,35006,34337,26157,30751,412902
R u s i a,26039,21646,20749,17991,14829,15767,15544,15243,13197,17469,17081,23607,219162
France,14646,16530,17850,33373,35244,30571,53878,57952,39451,35570,18150,14689,367904
Germany,14679,17517,21053,26169,24860,21853,29051,37506,33584,28264,17038,16022,287596
Netherlands,15112,14122,15168,21611,20102,17058,45100,25691,26475,20716,14769,16017,251941
I t a l y,5289,4957,5679,10029,8666,11140,17227,45846,14424,9695,6472,6936,146360
Spain,5243,5196,6111,9651,9085,12380,19215,27119,17371,13137,8698,7039,140245
Polandia,4961,6110,5392,4620,3953,5389,6440,7108,7573,6414,5965,4175,68100
Ukraine,3934,3118,2982,2177,2027,2276,2057,2014,2055,2283,2387,3378,30688
Sweden,3631,3690,3376,3168,1988,3041,3228,2218,2637,3723,2877,5142,38719
Denmark,3447,3641,3951,4867,2540,2729,7858,2786,3404,4138,2306,2642,44309
Switzerland,2843,2867,3233,5962,4751,4843,11239,5390,5919,5948,3889,3732,60616
Portugal,2955,2024,2655,4064,3017,3524,4393,4871,3643,3698,2907,3442,41193
Ceko,2082,2769,2593,2462,1356,2164,2077,1684,2137,2835,2426,2624,27209
Irlandia (Ireland),2515,2262,3125,3741,3331,3969,4580,3834,3405,3157,2421,3267,39607
Belgium,2080,2175,2636,4620,4887,5006,10662,6225,7443,4840,2705,2214,55493
Norway,1809,2095,2249,2125,1146,2480,3421,1404,1725,1895,1522,1850,23721
Romania,2138,2123,1869,2665,2237,2248,1908,2804,2776,2359,1508,2556,27191
Austria,1902,2134,2101,2488,2587,2603,5019,4380,3573,2896,2208,2204,34095
Hongaria,1640,1819,1922,2146,1472,1820,1666,1465,1736,2622,1367,1367,21042
Finland,1782,1718,1528,1167,800,977,653,607,942,1509,1347,1352,14382
Belarus,1342,1175,1096,708,686,815,707,720,751,728,821,906,10455
Lithuania,954,1106,1008,747,599,678,629,544,773,964,935,879,9816
Slovakia,814,922,1010,1198,911,1066,829,948,1071,1147,1016,978,11910
Estonia,854,1123,740,397,268,245,254,266,383,588,772,854,6744
Bulgaria,845,1080,1248,1054,657,445,502,664,724,877,925,1282,10303
Yunani (Greece),811,781,824,1129,789,788,1107,2574,992,941,1049,1244,13029
Latvia,593,561,653,429,292,245,200,244,304,527,632,726,5406
Croasia,465,405,385,415,346,385,525,489,439,402,388,533,5177
Other West Europe,281,339,375,596,425,515,861,1041,654,510,293,480,6370
Iceland (Islandia),96,132,131,138,72,153,106,71,102,141,81,128,1351
Malta,95,79,96,143,133,167,304,308,243,116,71,179,1934
Luxemburg,57,99,107,235,153,130,320,499,228,176,101,125,2230
Liechtenstein,8,9,20,24,22,15,71,25,39,35,9,11,288
Monako,11,3,5,6,8,14,12,26,7,11,7,7,117
Andorra,8,13,12,40,30,26,35,86,26,27,17,26,346
San Marino,3,3,0,3,4,8,11,22,7,2,4,2,69
Aruba,0,1,4,6,3,1,2,3,1,2,3,2,28
Scotlandia,0,0,0,0,0,0,0,0,0,0,0,0,0
Vatikan,3,0,0,1,0,1,0,1,1,0,0,0,7
Volta Atas,0,0,0,0,0,0,0,0,0,0,0,0,0
Hellenic,0,0,0,0,0,0,0,0,0,0,0,0,0
Wales,0,0,0,0,0,0,0,0,0,0,0,0,0
Other East Europe,1523,1733,1672,2164,1597,2374,3345,2988,2375,2190,1658,1647,25266
Serbia,367,340,358,526,376,611,719,611,463,400,330,370,5471
Slovenia,314,591,384,671,276,570,1154,549,704,638,374,407,6632
Armenia,184,153,116,119,121,150,252,188,172,174,168,157,1954
Azerbaijan,150,145,289,181,227,326,358,452,248,199,229,182,2986
Cyprus,117,127,173,209,130,188,364,522,181,217,140,172,2540
Macedonia,43,28,56,74,45,77,91,80,106,87,61,58,806
Bosnia Herzegovina,74,70,66,120,132,141,102,98,104,113,69,95,1184
Georgia,71,65,59,76,129,146,144,216,113,119,61,44,1243
Albania,84,87,85,120,88,82,75,179,141,129,109,64,1243
Moldova,74,57,61,34,37,51,44,58,62,77,75,63,693
Montenegro,45,70,25,34,36,32,42,35,80,37,42,34,512
Republik Cosovo,0,0,0,0,0,0,0,0,1,0,0,1,2
Siberia,0,0,0,0,0,0,0,0,0,0,0,0,0
Yugoslavia,0,0,0,0,0,0,0,0,0,0,0,0,0
TOTAL EUROPE,153716,153007,168856,214879,192325,195583,297547,310493,236942,216379,152689,164535,2456951
United States of America,29445,27373,34064,35776,35012,42727,41198,34428,33392,33168,31008,34524,412115
Canada,9092,8550,9286,8725,8386,6334,7690,7117,7768,8304,7840,8466,97558
Brazilia,2241,1788,2406,3089,3178,3115,2920,3120,3320,3385,2441,3494,34497
Kolombia,1175,1120,1467,1426,1372,1152,1073,1106,1327,1542,1603,1682,16045
Argentina,1305,1076,1143,1210,1254,1015,924,958,1127,1297,1036,869,13214
Mexiko,876,993,1219,1734,1508,1354,1391,1121,1529,1709,1925,1366,16725
Chili,864,1178,964,963,1012,825,780,807,927,860,800,732,10712
Central America,130,120,139,251,169,175,125,177,184,209,216,200,2095
Costarika,53,59,57,71,63,61,47,80,60,66,92,72,781
Guatemala,27,30,32,107,42,56,25,34,51,59,54,66,583
Panama,16,12,13,25,23,14,21,22,31,36,25,21,259
Honduras,15,8,16,16,15,18,9,15,14,26,12,13,177
El Salvador,12,3,8,23,20,21,15,20,22,16,17,14,191
Nicaragua,2,3,7,6,4,2,4,5,3,3,15,13,67
Belize,5,5,6,3,2,3,4,1,3,3,1,1,37
South America,544,591,896,869,781,825,765,819,859,833,729,674,9185
Peru,218,225,301,302,282,323,333,343,380,366,305,281,3659
Venezuela,115,76,111,109,111,87,105,108,127,130,119,111,1309
Ekuador,88,159,146,160,160,133,124,140,154,159,167,156,1746
Uruguay,81,93,296,233,141,131,95,89,89,98,65,67,1478
Paraguay,15,16,7,17,18,48,14,35,20,20,19,12,241
Bolivia,18,15,20,19,30,25,26,19,27,21,26,22,268
Suriname,9,7,12,26,35,69,56,69,58,33,20,17,411
Guyana,0,0,3,3,4,9,12,16,4,6,8,8,73
Falkland Islands,0,0,0,0,0,0,0,0,0,0,0,0,0
Guiana,0,0,0,0,0,0,0,0,0,0,0,0,0
Other America,273,237,249,275,328,344,372,357,308,309,312,291,3655
UNO,107,104,65,83,106,107,64,85,77,108,118,59,1083
Kuba,42,15,21,20,37,27,40,18,29,14,14,55,332
Dominika,25,18,55,27,38,44,49,55,32,35,23,26,427
Trinidad & Tobago,10,17,16,34,58,26,65,49,31,36,41,30,413
St. Kitts & Nevis,16,12,17,15,24,44,50,46,10,24,38,27,323
Jamaika,23,16,21,19,10,18,22,26,43,43,20,27,288
Barbados,3,5,8,10,5,6,8,7,13,6,4,7,82
Grenadines (Grenada),7,4,7,4,3,9,11,4,9,5,2,6,71
St. Lucia,5,6,4,7,14,11,14,5,6,7,13,8,100
Antigua & Barbuda,8,5,6,14,9,22,16,18,10,8,11,18,145
Bahama Islands,8,11,7,15,2,10,6,4,19,7,7,11,107
Haiti,7,11,7,4,2,4,7,8,3,5,4,3,65
Dominika Rep.,12,11,15,20,19,16,18,31,23,10,15,14,204
St. Vincent,0,2,0,3,1,0,2,0,0,1,2,0,11
Alaska,0,0,0,0,0,0,0,0,0,0,0,0,0
Bermuda,0,0,0,0,0,0,0,1,0,0,0,0,1
Martinique,0,0,0,0,0,0,0,0,0,0,0,0,0
Puertorico,0,0,0,0,0,0,0,0,3,0,0,0,3
St. Christopher,0,0,0,0,0,0,0,0,0,0,0,0,0
Guadelope,0,0,0,0,0,0,0,0,0,0,0,0,0
TOTAL AMERICA,45945,43026,51833,54318,53000,57866,57238,50010,50741,51616,47910,52298,615801
Australia,145563,105389,111032,149694,147650,154220,173241,155728,163526,158665,135215,154868,1754791
Papua New Guinea,14420,12563,7578,11043,10655,12163,13502,13157,14430,13007,13175,20445,156138
New Zealand,10250,8657,10369,14955,16199,20743,19368,19930,19362,15929,12295,13024,181081
Other Oceania,171,149,140,208,238,157,117,157,197,312,346,238,2430
Fiji Islands,100,100,95,132,186,104,81,116,142,198,212,164,1630
Vanuatu,16,18,14,30,10,11,10,11,17,43,27,34,241
Tonga,9,5,3,8,7,13,8,6,11,13,26,7,116
Solomon Islands,10,11,17,19,13,12,11,14,18,31,25,19,200
Samoa,2,8,3,11,14,9,4,3,3,13,22,10,102
Nauru,33,0,0,1,1,1,0,1,0,2,5,0,44
Palau Rep.,1,1,1,2,3,0,1,1,3,5,10,2,30
Cooks Islands,0,0,0,0,0,0,0,0,0,0,0,0,0
Guam,0,0,0,0,0,0,0,0,0,0,0,0,0
Kaledonia,0,0,0,0,0,0,0,0,0,0,0,0,0
Karibati (Kiribati),0,1,1,2,1,3,1,5,1,3,10,0,28
Marshall Islands,0,1,3,1,0,1,0,0,1,0,1,1,9
Micronesia Rep.,0,0,1,2,2,2,0,0,0,1,0,1,9
Niue,0,0,0,0,0,0,0,0,0,0,0,0,0
Polynesia,0,0,0,0,0,0,1,0,0,0,0,0,1
Samoa Barat,0,0,0,0,0,0,0,0,0,0,0,0,0
Tuvalu,0,4,2,0,1,1,0,0,1,3,8,0,20
Walis & Futuna,0,0,0,0,0,0,0,0,0,0,0,0,0
TOTAL OCEANIA,170404,126758,129119,175900,174742,187283,206228,188972,197515,187913,161031,188575,2094440
South Africa,2101,1455,2033,3209,2472,3757,3588,2285,3426,3327,2487,6408,36548
Maroko,749,582,317,1206,1384,1468,2249,3677,2145,1423,1180,1002,17382
Other Africa,2235,2218,1675,3215,3749,3725,6220,6729,6027,5020,4296,4485,49594
Kenya,268,366,337,540,497,515,583,543,463,572,588,826,6098
Tunisia,365,354,168,809,919,801,1824,1764,1738,1235,757,482,11216
Aljazair / Algeria,232,171,56,294,409,444,768,2019,1444,710,517,389,7453
Mauritius,139,168,184,271,250,228,236,288,306,220,477,566,3333
Tanzania,108,116,86,99,137,153,174,156,139,163,210,250,1791
Libya,142,91,21,128,167,154,210,279,289,199,202,203,2085
Nigeria,103,162,150,137,251,228,254,193,233,359,189,183,2442
Mozambik,50,37,27,52,56,72,147,56,57,78,65,194,891
Zimbabwe,81,88,93,137,95,121,141,146,162,192,113,296,1665
Sudan,186,132,71,166,153,279,373,348,255,245,207,145,2560
Somalia,33,9,11,12,24,12,33,24,39,71,65,112,445
Ghana,54,56,62,54,99,55,89,99,112,116,104,111,1011
Kamerun,41,25,29,56,51,49,66,79,47,144,75,44,706
Uganda,38,65,24,27,70,65,102,52,69,79,65,86,742
Malagasy (Madagascar),21,24,30,27,32,34,36,41,41,48,30,32,396
Ethiopia,24,30,23,37,52,46,116,92,64,45,85,58,672
Congo Rep. Dem.,23,31,11,21,70,35,73,32,98,26,36,22,478
Seychelles,37,21,47,28,25,28,21,28,12,15,32,46,340
Burkina Faso,15,14,5,11,47,6,13,24,23,26,19,18,221
Rwanda,17,15,10,20,26,19,25,29,29,34,24,48,296
Zambia,36,25,17,45,28,18,34,26,34,40,36,42,381
Malawi,7,7,13,2,9,11,23,6,20,8,19,15,140
Senegal,34,29,9,26,31,19,45,29,28,50,33,14,347
Comoros,12,5,9,22,10,38,20,16,13,30,22,15,212
Mali,14,18,6,2,15,9,13,55,9,20,39,9,209
Eritrea,8,1,4,7,7,11,18,18,18,21,12,14,139
Chad,9,6,5,6,20,12,14,21,14,12,13,16,148
Sierra Leona,9,10,9,8,24,14,17,12,18,26,23,11,181
Namibia,16,8,18,16,35,50,25,15,43,48,22,36,332
Gambia,6,4,2,4,2,5,7,12,6,8,17,4,77
Bostwana,15,30,11,38,15,14,13,19,31,17,16,43,262
Liberia,3,3,12,8,7,3,15,11,10,12,13,16,113
Swaziland,5,1,5,3,5,5,91,5,10,9,6,3,148
Guinea,14,13,10,8,10,14,7,17,19,13,15,6,146
Cape Verde,4,4,10,9,4,4,171,6,10,5,3,8,238
Ivory Coast (Pantai Gading),18,19,12,19,38,18,27,53,41,35,38,31,349
Congo,5,8,4,3,5,12,15,23,12,7,7,18,119
Burundi,5,0,5,2,5,1,4,8,8,7,7,14,66
Mauritania,3,8,6,7,10,15,7,14,6,6,19,10,111
Togo,3,7,1,8,5,9,2,4,9,12,17,4,81
Gabon,8,3,2,4,4,3,7,3,5,6,0,4,49
Lesotho,2,0,2,4,3,21,5,3,5,8,5,2,60
South Sudan,1,3,7,6,2,1,8,3,4,3,5,0,43
Niger,3,4,0,5,3,8,6,3,4,4,8,5,53
Djibouti,3,3,3,1,1,14,17,5,5,5,5,12,74
Guinea Equator,1,1,2,0,0,0,6,3,2,4,2,2,23
Afrika Tengah Rep.,1,2,0,0,0,4,1,4,1,1,3,0,17
Angola,10,13,27,17,11,20,243,12,14,12,18,10,407
Benin,0,5,2,7,8,19,8,31,7,7,11,7,112
Sahara,0,0,0,0,0,0,0,0,0,0,0,0,0
Sao Tome & Principe,0,0,7,0,1,7,64,0,0,1,0,0,80
Zaire,0,0,0,0,0,0,0,0,0,0,0,0,0
Burkinabe,0,0,0,0,0,0,0,0,0,0,0,0,0
Cabinda,0,0,0,0,0,0,0,0,0,0,0,0,0
Guinea Bissau,3,3,10,2,1,2,3,0,1,6,2,3,36
Maseru,0,0,0,0,0,0,0,0,0,0,0,0,0
Zomba,0,0,0,0,0,0,0,0,0,0,0,0,0
TOTAL AFRICA,5085,4255,4025,7630,7605,8950,12057,12691,11598,9770,7963,11895,103524
GRAND TOTAL,1156012,1022894,984769,1164539,1306000,1417096,1481346,1505220,1394910,1348993,1199007,1405860,15386646