freq,freq_label,unit,unit_label,schedule,schedule_label,tra_cov,tra_cov_label,tra_meas,tra_meas_label,geo,geo_label,time,time_label,value
M,Monthly,PAS,Passenger,TOT,Total,TOTAL,Total transport,PAS_CRD,Passengers carried,EU27_2020,European Union - 27 countries (from 2020),2025-02,2025-02,64965062
M,Monthly,PAS,Passenger,TOT,Total,TOTAL,Total transport,PAS_CRD,Passengers carried,EU27_2020,European Union - 27 countries (from 2020),2025-03,2025-03,76094408
M,Monthly,PAS,Passenger,TOT,Total,TOTAL,Total transport,PAS_CRD,Passengers carried,EU27_2020,European Union - 27 countries (from 2020),2025-04,2025-04,90473737
M,Monthly,PAS,Passenger,TOT,Total,TOTAL,Total transport,PAS_CRD,Passengers carried,EU27_2020,European Union - 27 countries (from 2020),2025-05,2025-05,98438150
M,Monthly,PAS,Passenger,TOT,Total,TOTAL,Total transport,PAS_CRD,Passengers carried,EU27_2020,European Union - 27 countries (from 2020),2025-06,2025-06,104940137
M,Monthly,PAS,Passenger,TOT,Total,TOTAL,Total transport,PAS_CRD,Passengers carried,EU27_2020,European Union - 27 countries (from 2020),2025-07,2025-07,114214192
M,Monthly,PAS,Passenger,TOT,Total,TOTAL,Total transport,PAS_CRD,Passengers carried,EU27_2020,European Union - 27 countries (from 2020),2025-08,2025-08,117621939
M,Monthly,PAS,Passenger,TOT,Total,TOTAL,Total transport,PAS_CRD,Passengers carried,EU27_2020,European Union - 27 countries (from 2020),2025-09,2025-09,106152965
M,Monthly,PAS,Passenger,TOT,Total,TOTAL,Total transport,PAS_CRD,Passengers carried,EU27_2020,European Union - 27 countries (from 2020),2025-10,2025-10,101569769
M,Monthly,PAS,Passenger,TOT,Total,TOTAL,Total transport,PAS_CRD,Passengers carried,EU27_2020,European Union - 27 countries (from 2020),2025-11,2025-11,75236949
M,Monthly,PAS,Passenger,TOT,Total,TOTAL,Total transport,PAS_CRD,Passengers carried,BE,Belgium,2025-02,2025-02,2288046
M,Monthly,PAS,Passenger,TOT,Total,TOTAL,Total transport,PAS_CRD,Passengers carried,BE,Belgium,2025-03,2025-03,2612673
M,Monthly,PAS,Passenger,TOT,Total,TOTAL,Total transport,PAS_CRD,Passengers carried,BE,Belgium,2025-04,2025-04,3010285
M,Monthly,PAS,Passenger,TOT,Total,TOTAL,Total transport,PAS_CRD,Passengers carried,BE,Belgium,2025-05,2025-05,3107181
M,Monthly,PAS,Passenger,TOT,Total,TOTAL,Total transport,PAS_CRD,Passengers carried,BE,Belgium,2025-06,2025-06,3161617
M,Monthly,PAS,Passenger,TOT,Total,TOTAL,Total transport,PAS_CRD,Passengers carried,BE,Belgium,2025-07,2025-07,3655850
M,Monthly,PAS,Passenger,TOT,Total,TOTAL,Total transport,PAS_CRD,Passengers carried,BE,Belgium,2025-08,2025-08,3688272
M,Monthly,PAS,Passenger,TOT,Total,TOTAL,Total transport,PAS_CRD,Passengers carried,BE,Belgium,2025-09,2025-09,3368914
M,Monthly,PAS,Passenger,TOT,Total,TOTAL,Total transport,PAS_CRD,Passengers carried,BE,Belgium,2025-10,2025-10,3334338
M,Monthly,PAS,Passenger,TOT,Total,TOTAL,Total transport,PAS_CRD,Passengers carried,BE,Belgium,2025-11,2025-11,2529513
M,Monthly,PAS,Passenger,TOT,Total,TOTAL,Total transport,PAS_CRD,Passengers carried,BG,Bulgaria,2025-02,2025-02,653430
M,Monthly,PAS,Passenger,TOT,Total,TOTAL,Total transport,PAS_CRD,Passengers carried,BG,Bulgaria,2025-03,2025-03,761062
M,Monthly,PAS,Passenger,TOT,Total,TOTAL,Total transport,PAS_CRD,Passengers carried,BG,Bulgaria,2025-04,2025-04,843516
M,Monthly,PAS,Passenger,TOT,Total,TOTAL,Total transport,PAS_CRD,Passengers carried,BG,Bulgaria,2025-05,2025-05,953105
M,Monthly,PAS,Passenger,TOT,Total,TOTAL,Total transport,PAS_CRD,Passengers carried,BG,Bulgaria,2025-06,2025-06,1243919
M,Monthly,PAS,Passenger,TOT,Total,TOTAL,Total transport,PAS_CRD,Passengers carried,BG,Bulgaria,2025-07,2025-07,1519651
M,Monthly,PAS,Passenger,TOT,Total,TOTAL,Total transport,PAS_CRD,Passengers carried,BG,Bulgaria,2025-08,2025-08,1600074
M,Monthly,PAS,Passenger,TOT,Total,TOTAL,Total transport,PAS_CRD,Passengers carried,BG,Bulgaria,2025-09,2025-09,1264268
M,Monthly,PAS,Passenger,TOT,Total,TOTAL,Total transport,PAS_CRD,Passengers carried,BG,Bulgaria,2025-10,2025-10,946536
M,Monthly,PAS,Passenger,TOT,Total,TOTAL,Total transport,PAS_CRD,Passengers carried,BG,Bulgaria,2025-11,2025-11,741565
M,Monthly,PAS,Passenger,TOT,Total,TOTAL,Total transport,PAS_CRD,Passengers carried,BG,Bulgaria,2025-12,2025-12,833051
M,Monthly,PAS,Passenger,TOT,Total,TOTAL,Total transport,PAS_CRD,Passengers carried,BG,Bulgaria,2026-01,2026-01,747251
M,Monthly,PAS,Passenger,TOT,Total,TOTAL,Total transport,PAS_CRD,Passengers carried,BG,Bulgaria,2026-02,2026-02,733014
M,Monthly,PAS,Passenger,TOT,Total,TOTAL,Total transport,PAS_CRD,Passengers carried,BG,Bulgaria,2026-03,2026-03,782927
M,Monthly,PAS,Passenger,TOT,Total,TOTAL,Total transport,PAS_CRD,Passengers carried,CZ,Czechia,2025-02,2025-02,1036617
M,Monthly,PAS,Passenger,TOT,Total,TOTAL,Total transport,PAS_CRD,Passengers carried,CZ,Czechia,2025-03,2025-03,1235260
M,Monthly,PAS,Passenger,TOT,Total,TOTAL,Total transport,PAS_CRD,Passengers carried,CZ,Czechia,2025-04,2025-04,1412280
M,Monthly,PAS,Passenger,TOT,Total,TOTAL,Total transport,PAS_CRD,Passengers carried,CZ,Czechia,2025-05,2025-05,1564520
M,Monthly,PAS,Passenger,TOT,Total,TOTAL,Total transport,PAS_CRD,Passengers carried,CZ,Czechia,2025-06,2025-06,1946546
M,Monthly,PAS,Passenger,TOT,Total,TOTAL,Total transport,PAS_CRD,Passengers carried,CZ,Czechia,2025-07,2025-07,2190468
M,Monthly,PAS,Passenger,TOT,Total,TOTAL,Total transport,PAS_CRD,Passengers carried,CZ,Czechia,2025-08,2025-08,2208878
M,Monthly,PAS,Passenger,TOT,Total,TOTAL,Total transport,PAS_CRD,Passengers carried,CZ,Czechia,2025-09,2025-09,1990735
M,Monthly,PAS,Passenger,TOT,Total,TOTAL,Total transport,PAS_CRD,Passengers carried,CZ,Czechia,2025-10,2025-10,1715331
M,Monthly,PAS,Passenger,TOT,Total,TOTAL,Total transport,PAS_CRD,Passengers carried,CZ,Czechia,2025-11,2025-11,1365117
M,Monthly,PAS,Passenger,TOT,Total,TOTAL,Total transport,PAS_CRD,Passengers carried,CZ,Czechia,2025-12,2025-12,1522704
M,Monthly,PAS,Passenger,TOT,Total,TOTAL,Total transport,PAS_CRD,Passengers carried,CZ,Czechia,2026-01,2026-01,1118678
M,Monthly,PAS,Passenger,TOT,Total,TOTAL,Total transport,PAS_CRD,Passengers carried,CZ,Czechia,2026-02,2026-02,1170498
M,Monthly,PAS,Passenger,TOT,Total,TOTAL,Total transport,PAS_CRD,Passengers carried,CZ,Czechia,2026-03,2026-03,1342087
M,Monthly,PAS,Passenger,TOT,Total,TOTAL,Total transport,PAS_CRD,Passengers carried,DK,Denmark,2025-02,2025-02,2248923
M,Monthly,PAS,Passenger,TOT,Total,TOTAL,Total transport,PAS_CRD,Passengers carried,DK,Denmark,2025-03,2025-03,2533455
M,Monthly,PAS,Passenger,TOT,Total,TOTAL,Total transport,PAS_CRD,Passengers carried,DK,Denmark,2025-04,2025-04,2961670
M,Monthly,PAS,Passenger,TOT,Total,TOTAL,Total transport,PAS_CRD,Passengers carried,DK,Denmark,2025-05,2025-05,3234891
M,Monthly,PAS,Passenger,TOT,Total,TOTAL,Total transport,PAS_CRD,Passengers carried,DK,Denmark,2025-06,2025-06,3510875
M,Monthly,PAS,Passenger,TOT,Total,TOTAL,Total transport,PAS_CRD,Passengers carried,DK,Denmark,2025-07,2025-07,3800975
M,Monthly,PAS,Passenger,TOT,Total,TOTAL,Total transport,PAS_CRD,Passengers carried,DK,Denmark,2025-08,2025-08,3618356
M,Monthly,PAS,Passenger,TOT,Total,TOTAL,Total transport,PAS_CRD,Passengers carried,DK,Denmark,2025-09,2025-09,3483238
M,Monthly,PAS,Passenger,TOT,Total,TOTAL,Total transport,PAS_CRD,Passengers carried,DK,Denmark,2025-10,2025-10,3422672
M,Monthly,PAS,Passenger,TOT,Total,TOTAL,Total transport,PAS_CRD,Passengers carried,DK,Denmark,2025-11,2025-11,2663308
M,Monthly,PAS,Passenger,TOT,Total,TOTAL,Total transport,PAS_CRD,Passengers carried,DK,Denmark,2025-12,2025-12,2665272
M,Monthly,PAS,Passenger,TOT,Total,TOTAL,Total transport,PAS_CRD,Passengers carried,DK,Denmark,2026-01,2026-01,2455166
M,Monthly,PAS,Passenger,TOT,Total,TOTAL,Total transport,PAS_CRD,Passengers carried,DK,Denmark,2026-02,2026-02,2424782
M,Monthly,PAS,Passenger,TOT,Total,TOTAL,Total transport,PAS_CRD,Passengers carried,DK,Denmark,2026-03,2026-03,2865054
M,Monthly,PAS,Passenger,TOT,Total,TOTAL,Total transport,PAS_CRD,Passengers carried,DE,Germany,2025-02,2025-02,11629075
M,Monthly,PAS,Passenger,TOT,Total,TOTAL,Total transport,PAS_CRD,Passengers carried,DE,Germany,2025-03,2025-03,14323410
M,Monthly,PAS,Passenger,TOT,Total,TOTAL,Total transport,PAS_CRD,Passengers carried,DE,Germany,2025-04,2025-04,17540385
M,Monthly,PAS,Passenger,TOT,Total,TOTAL,Total transport,PAS_CRD,Passengers carried,DE,Germany,2025-05,2025-05,18812337
M,Monthly,PAS,Passenger,TOT,Total,TOTAL,Total transport,PAS_CRD,Passengers carried,DE,Germany,2025-06,2025-06,19521317
M,Monthly,PAS,Passenger,TOT,Total,TOTAL,Total transport,PAS_CRD,Passengers carried,DE,Germany,2025-07,2025-07,20663515
M,Monthly,PAS,Passenger,TOT,Total,TOTAL,Total transport,PAS_CRD,Passengers carried,DE,Germany,2025-08,2025-08,21723970
M,Monthly,PAS,Passenger,TOT,Total,TOTAL,Total transport,PAS_CRD,Passengers carried,DE,Germany,2025-09,2025-09,20692378
M,Monthly,PAS,Passenger,TOT,Total,TOTAL,Total transport,PAS_CRD,Passengers carried,DE,Germany,2025-10,2025-10,21201466
M,Monthly,PAS,Passenger,TOT,Total,TOTAL,Total transport,PAS_CRD,Passengers carried,DE,Germany,2025-11,2025-11,14752451
M,Monthly,PAS,Passenger,TOT,Total,TOTAL,Total transport,PAS_CRD,Passengers carried,DE,Germany,2025-12,2025-12,14594074
M,Monthly,PAS,Passenger,TOT,Total,TOTAL,Total transport,PAS_CRD,Passengers carried,DE,Germany,2026-01,2026-01,12184688
M,Monthly,PAS,Passenger,TOT,Total,TOTAL,Total transport,PAS_CRD,Passengers carried,EE,Estonia,2025-02,2025-02,216315
M,Monthly,PAS,Passenger,TOT,Total,TOTAL,Total transport,PAS_CRD,Passengers carried,EE,Estonia,2025-03,2025-03,262919
M,Monthly,PAS,Passenger,TOT,Total,TOTAL,Total transport,PAS_CRD,Passengers carried,EE,Estonia,2025-04,2025-04,279028
M,Monthly,PAS,Passenger,TOT,Total,TOTAL,Total transport,PAS_CRD,Passengers carried,EE,Estonia,2025-05,2025-05,310706
M,Monthly,PAS,Passenger,TOT,Total,TOTAL,Total transport,PAS_CRD,Passengers carried,EE,Estonia,2025-06,2025-06,325640
M,Monthly,PAS,Passenger,TOT,Total,TOTAL,Total transport,PAS_CRD,Passengers carried,EE,Estonia,2025-07,2025-07,322736
M,Monthly,PAS,Passenger,TOT,Total,TOTAL,Total transport,PAS_CRD,Passengers carried,EE,Estonia,2025-08,2025-08,331636
M,Monthly,PAS,Passenger,TOT,Total,TOTAL,Total transport,PAS_CRD,Passengers carried,EE,Estonia,2025-09,2025-09,310919
M,Monthly,PAS,Passenger,TOT,Total,TOTAL,Total transport,PAS_CRD,Passengers carried,EE,Estonia,2025-10,2025-10,348126
M,Monthly,PAS,Passenger,TOT,Total,TOTAL,Total transport,PAS_CRD,Passengers carried,EE,Estonia,2025-11,2025-11,259564
M,Monthly,PAS,Passenger,TOT,Total,TOTAL,Total transport,PAS_CRD,Passengers carried,IE,Ireland,2025-02,2025-02,2534423
M,Monthly,PAS,Passenger,TOT,Total,TOTAL,Total transport,PAS_CRD,Passengers carried,IE,Ireland,2025-03,2025-03,3085532
M,Monthly,PAS,Passenger,TOT,Total,TOTAL,Total transport,PAS_CRD,Passengers carried,IE,Ireland,2025-04,2025-04,3694223
M,Monthly,PAS,Passenger,TOT,Total,TOTAL,Total transport,PAS_CRD,Passengers carried,IE,Ireland,2025-05,2025-05,4059186
M,Monthly,PAS,Passenger,TOT,Total,TOTAL,Total transport,PAS_CRD,Passengers carried,IE,Ireland,2025-06,2025-06,4252936
M,Monthly,PAS,Passenger,TOT,Total,TOTAL,Total transport,PAS_CRD,Passengers carried,IE,Ireland,2025-07,2025-07,4511182
M,Monthly,PAS,Passenger,TOT,Total,TOTAL,Total transport,PAS_CRD,Passengers carried,IE,Ireland,2025-08,2025-08,4555251
M,Monthly,PAS,Passenger,TOT,Total,TOTAL,Total transport,PAS_CRD,Passengers carried,IE,Ireland,2025-09,2025-09,3991576
M,Monthly,PAS,Passenger,TOT,Total,TOTAL,Total transport,PAS_CRD,Passengers carried,IE,Ireland,2025-10,2025-10,3868210
M,Monthly,PAS,Passenger,TOT,Total,TOTAL,Total transport,PAS_CRD,Passengers carried,IE,Ireland,2025-11,2025-11,3058505
M,Monthly,PAS,Passenger,TOT,Total,TOTAL,Total transport,PAS_CRD,Passengers carried,IE,Ireland,2025-12,2025-12,3166722
M,Monthly,PAS,Passenger,TOT,Total,TOTAL,Total transport,PAS_CRD,Passengers carried,EL,Greece,2025-02,2025-02,2048515
M,Monthly,PAS,Passenger,TOT,Total,TOTAL,Total transport,PAS_CRD,Passengers carried,EL,Greece,2025-03,2025-03,2634157
M,Monthly,PAS,Passenger,TOT,Total,TOTAL,Total transport,PAS_CRD,Passengers carried,EL,Greece,2025-04,2025-04,4376902
M,Monthly,PAS,Passenger,TOT,Total,TOTAL,Total transport,PAS_CRD,Passengers carried,EL,Greece,2025-05,2025-05,7109052
M,Monthly,PAS,Passenger,TOT,Total,TOTAL,Total transport,PAS_CRD,Passengers carried,EL,Greece,2025-06,2025-06,9441496
M,Monthly,PAS,Passenger,TOT,Total,TOTAL,Total transport,PAS_CRD,Passengers carried,EL,Greece,2025-07,2025-07,11209682
M,Monthly,PAS,Passenger,TOT,Total,TOTAL,Total transport,PAS_CRD,Passengers carried,EL,Greece,2025-08,2025-08,11656942
M,Monthly,PAS,Passenger,TOT,Total,TOTAL,Total transport,PAS_CRD,Passengers carried,EL,Greece,2025-09,2025-09,9673444
M,Monthly,PAS,Passenger,TOT,Total,TOTAL,Total transport,PAS_CRD,Passengers carried,EL,Greece,2025-10,2025-10,7056575
M,Monthly,PAS,Passenger,TOT,Total,TOTAL,Total transport,PAS_CRD,Passengers carried,EL,Greece,2025-11,2025-11,2901048
M,Monthly,PAS,Passenger,TOT,Total,TOTAL,Total transport,PAS_CRD,Passengers carried,EL,Greece,2025-12,2025-12,2749972
M,Monthly,PAS,Passenger,TOT,Total,TOTAL,Total transport,PAS_CRD,Passengers carried,ES,Spain,2025-02,2025-02,16608822
M,Monthly,PAS,Passenger,TOT,Total,TOTAL,Total transport,PAS_CRD,Passengers carried,ES,Spain,2025-03,2025-03,19847289
M,Monthly,PAS,Passenger,TOT,Total,TOTAL,Total transport,PAS_CRD,Passengers carried,ES,Spain,2025-04,2025-04,23152567
M,Monthly,PAS,Passenger,TOT,Total,TOTAL,Total transport,PAS_CRD,Passengers carried,ES,Spain,2025-05,2025-05,24866062
M,Monthly,PAS,Passenger,TOT,Total,TOTAL,Total transport,PAS_CRD,Passengers carried,ES,Spain,2025-06,2025-06,25949461
M,Monthly,PAS,Passenger,TOT,Total,TOTAL,Total transport,PAS_CRD,Passengers carried,ES,Spain,2025-07,2025-07,27948699
M,Monthly,PAS,Passenger,TOT,Total,TOTAL,Total transport,PAS_CRD,Passengers carried,ES,Spain,2025-08,2025-08,28537375
M,Monthly,PAS,Passenger,TOT,Total,TOTAL,Total transport,PAS_CRD,Passengers carried,ES,Spain,2025-09,2025-09,25982288
M,Monthly,PAS,Passenger,TOT,Total,TOTAL,Total transport,PAS_CRD,Passengers carried,ES,Spain,2025-10,2025-10,25220355
M,Monthly,PAS,Passenger,TOT,Total,TOTAL,Total transport,PAS_CRD,Passengers carried,ES,Spain,2025-11,2025-11,18885506
M,Monthly,PAS,Passenger,TOT,Total,TOTAL,Total transport,PAS_CRD,Passengers carried,ES,Spain,2025-12,2025-12,18743278
M,Monthly,PAS,Passenger,TOT,Total,TOTAL,Total transport,PAS_CRD,Passengers carried,ES,Spain,2026-01,2026-01,16968889
M,Monthly,PAS,Passenger,TOT,Total,TOTAL,Total transport,PAS_CRD,Passengers carried,ES,Spain,2026-02,2026-02,17216261
M,Monthly,PAS,Passenger,TOT,Total,TOTAL,Total transport,PAS_CRD,Passengers carried,ES,Spain,2026-03,2026-03,20823609
M,Monthly,PAS,Passenger,TOT,Total,TOTAL,Total transport,PAS_CRD,Passengers carried,FR,France,2025-02,2025-02,11305568
M,Monthly,PAS,Passenger,TOT,Total,TOTAL,Total transport,PAS_CRD,Passengers carried,FR,France,2025-03,2025-03,12589498
M,Monthly,PAS,Passenger,TOT,Total,TOTAL,Total transport,PAS_CRD,Passengers carried,FR,France,2025-04,2025-04,15054124
M,Monthly,PAS,Passenger,TOT,Total,TOTAL,Total transport,PAS_CRD,Passengers carried,FR,France,2025-05,2025-05,15645832
M,Monthly,PAS,Passenger,TOT,Total,TOTAL,Total transport,PAS_CRD,Passengers carried,FR,France,2025-06,2025-06,16075290
M,Monthly,PAS,Passenger,TOT,Total,TOTAL,Total transport,PAS_CRD,Passengers carried,FR,France,2025-07,2025-07,17149226
M,Monthly,PAS,Passenger,TOT,Total,TOTAL,Total transport,PAS_CRD,Passengers carried,FR,France,2025-08,2025-08,17695645
M,Monthly,PAS,Passenger,TOT,Total,TOTAL,Total transport,PAS_CRD,Passengers carried,FR,France,2025-09,2025-09,15234141
M,Monthly,PAS,Passenger,TOT,Total,TOTAL,Total transport,PAS_CRD,Passengers carried,FR,France,2025-10,2025-10,15217405
M,Monthly,PAS,Passenger,TOT,Total,TOTAL,Total transport,PAS_CRD,Passengers carried,FR,France,2025-11,2025-11,11692838
M,Monthly,PAS,Passenger,TOT,Total,TOTAL,Total transport,PAS_CRD,Passengers carried,HR,Croatia,2025-02,2025-02,292098
M,Monthly,PAS,Passenger,TOT,Total,TOTAL,Total transport,PAS_CRD,Passengers carried,HR,Croatia,2025-03,2025-03,388351
M,Monthly,PAS,Passenger,TOT,Total,TOTAL,Total transport,PAS_CRD,Passengers carried,HR,Croatia,2025-04,2025-04,933881
M,Monthly,PAS,Passenger,TOT,Total,TOTAL,Total transport,PAS_CRD,Passengers carried,HR,Croatia,2025-05,2025-05,1394936
M,Monthly,PAS,Passenger,TOT,Total,TOTAL,Total transport,PAS_CRD,Passengers carried,HR,Croatia,2025-06,2025-06,1833953
M,Monthly,PAS,Passenger,TOT,Total,TOTAL,Total transport,PAS_CRD,Passengers carried,HR,Croatia,2025-07,2025-07,2255381
M,Monthly,PAS,Passenger,TOT,Total,TOTAL,Total transport,PAS_CRD,Passengers carried,HR,Croatia,2025-08,2025-08,2261915
M,Monthly,PAS,Passenger,TOT,Total,TOTAL,Total transport,PAS_CRD,Passengers carried,HR,Croatia,2025-09,2025-09,1791686
M,Monthly,PAS,Passenger,TOT,Total,TOTAL,Total transport,PAS_CRD,Passengers carried,HR,Croatia,2025-10,2025-10,1198152
M,Monthly,PAS,Passenger,TOT,Total,TOTAL,Total transport,PAS_CRD,Passengers carried,HR,Croatia,2025-11,2025-11,418619
M,Monthly,PAS,Passenger,TOT,Total,TOTAL,Total transport,PAS_CRD,Passengers carried,HR,Croatia,2025-12,2025-12,383442
M,Monthly,PAS,Passenger,TOT,Total,TOTAL,Total transport,PAS_CRD,Passengers carried,HR,Croatia,2026-01,2026-01,332294
M,Monthly,PAS,Passenger,TOT,Total,TOTAL,Total transport,PAS_CRD,Passengers carried,HR,Croatia,2026-02,2026-02,313851
M,Monthly,PAS,Passenger,TOT,Total,TOTAL,Total transport,PAS_CRD,Passengers carried,HR,Croatia,2026-03,2026-03,430301
M,Monthly,PAS,Passenger,TOT,Total,TOTAL,Total transport,PAS_CRD,Passengers carried,HR,Croatia,2026-04,2026-04,935680
M,Monthly,PAS,Passenger,TOT,Total,TOTAL,Total transport,PAS_CRD,Passengers carried,IT,Italy,2025-02,2025-02,11182193
M,Monthly,PAS,Passenger,TOT,Total,TOTAL,Total transport,PAS_CRD,Passengers carried,IT,Italy,2025-03,2025-03,13556460
M,Monthly,PAS,Passenger,TOT,Total,TOTAL,Total transport,PAS_CRD,Passengers carried,IT,Italy,2025-04,2025-04,16719079
M,Monthly,PAS,Passenger,TOT,Total,TOTAL,Total transport,PAS_CRD,Passengers carried,IT,Italy,2025-05,2025-05,17867959
M,Monthly,PAS,Passenger,TOT,Total,TOTAL,Total transport,PAS_CRD,Passengers carried,IT,Italy,2025-06,2025-06,18689134
M,Monthly,PAS,Passenger,TOT,Total,TOTAL,Total transport,PAS_CRD,Passengers carried,IT,Italy,2025-07,2025-07,20035619
M,Monthly,PAS,Passenger,TOT,Total,TOTAL,Total transport,PAS_CRD,Passengers carried,IT,Italy,2025-08,2025-08,20701459
M,Monthly,PAS,Passenger,TOT,Total,TOTAL,Total transport,PAS_CRD,Passengers carried,IT,Italy,2025-09,2025-09,18974977
M,Monthly,PAS,Passenger,TOT,Total,TOTAL,Total transport,PAS_CRD,Passengers carried,IT,Italy,2025-10,2025-10,17911971
M,Monthly,PAS,Passenger,TOT,Total,TOTAL,Total transport,PAS_CRD,Passengers carried,IT,Italy,2025-11,2025-11,12991639
M,Monthly,PAS,Passenger,TOT,Total,TOTAL,Total transport,PAS_CRD,Passengers carried,IT,Italy,2025-12,2025-12,13426942
M,Monthly,PAS,Passenger,TOT,Total,TOTAL,Total transport,PAS_CRD,Passengers carried,IT,Italy,2026-01,2026-01,11832508
M,Monthly,PAS,Passenger,TOT,Total,TOTAL,Total transport,PAS_CRD,Passengers carried,IT,Italy,2026-02,2026-02,11960008
M,Monthly,PAS,Passenger,TOT,Total,TOTAL,Total transport,PAS_CRD,Passengers carried,CY,Cyprus,2025-02,2025-02,533743
M,Monthly,PAS,Passenger,TOT,Total,TOTAL,Total transport,PAS_CRD,Passengers carried,CY,Cyprus,2025-03,2025-03,703802
M,Monthly,PAS,Passenger,TOT,Total,TOTAL,Total transport,PAS_CRD,Passengers carried,CY,Cyprus,2025-04,2025-04,1156363
M,Monthly,PAS,Passenger,TOT,Total,TOTAL,Total transport,PAS_CRD,Passengers carried,CY,Cyprus,2025-05,2025-05,1281209
M,Monthly,PAS,Passenger,TOT,Total,TOTAL,Total transport,PAS_CRD,Passengers carried,CY,Cyprus,2025-06,2025-06,1432753
M,Monthly,PAS,Passenger,TOT,Total,TOTAL,Total transport,PAS_CRD,Passengers carried,CY,Cyprus,2025-07,2025-07,1651332
M,Monthly,PAS,Passenger,TOT,Total,TOTAL,Total transport,PAS_CRD,Passengers carried,CY,Cyprus,2025-08,2025-08,1801283
M,Monthly,PAS,Passenger,TOT,Total,TOTAL,Total transport,PAS_CRD,Passengers carried,CY,Cyprus,2025-09,2025-09,1532431
M,Monthly,PAS,Passenger,TOT,Total,TOTAL,Total transport,PAS_CRD,Passengers carried,CY,Cyprus,2025-10,2025-10,1483051
M,Monthly,PAS,Passenger,TOT,Total,TOTAL,Total transport,PAS_CRD,Passengers carried,CY,Cyprus,2025-11,2025-11,859289
M,Monthly,PAS,Passenger,TOT,Total,TOTAL,Total transport,PAS_CRD,Passengers carried,CY,Cyprus,2025-12,2025-12,744377
M,Monthly,PAS,Passenger,TOT,Total,TOTAL,Total transport,PAS_CRD,Passengers carried,CY,Cyprus,2026-01,2026-01,622673
M,Monthly,PAS,Passenger,TOT,Total,TOTAL,Total transport,PAS_CRD,Passengers carried,CY,Cyprus,2026-02,2026-02,614127
M,Monthly,PAS,Passenger,TOT,Total,TOTAL,Total transport,PAS_CRD,Passengers carried,CY,Cyprus,2026-03,2026-03,595815
M,Monthly,PAS,Passenger,TOT,Total,TOTAL,Total transport,PAS_CRD,Passengers carried,CY,Cyprus,2026-04,2026-04,969117
M,Monthly,PAS,Passenger,TOT,Total,TOTAL,Total transport,PAS_CRD,Passengers carried,LV,Latvia,2025-02,2025-02,432605
M,Monthly,PAS,Passenger,TOT,Total,TOTAL,Total transport,PAS_CRD,Passengers carried,LV,Latvia,2025-03,2025-03,545771
M,Monthly,PAS,Passenger,TOT,Total,TOTAL,Total transport,PAS_CRD,Passengers carried,LV,Latvia,2025-04,2025-04,580886
M,Monthly,PAS,Passenger,TOT,Total,TOTAL,Total transport,PAS_CRD,Passengers carried,LV,Latvia,2025-05,2025-05,636713
M,Monthly,PAS,Passenger,TOT,Total,TOTAL,Total transport,PAS_CRD,Passengers carried,LV,Latvia,2025-06,2025-06,654180
M,Monthly,PAS,Passenger,TOT,Total,TOTAL,Total transport,PAS_CRD,Passengers carried,LV,Latvia,2025-07,2025-07,701901
M,Monthly,PAS,Passenger,TOT,Total,TOTAL,Total transport,PAS_CRD,Passengers carried,LV,Latvia,2025-08,2025-08,688941
M,Monthly,PAS,Passenger,TOT,Total,TOTAL,Total transport,PAS_CRD,Passengers carried,LV,Latvia,2025-09,2025-09,628387
M,Monthly,PAS,Passenger,TOT,Total,TOTAL,Total transport,PAS_CRD,Passengers carried,LV,Latvia,2025-10,2025-10,673439
M,Monthly,PAS,Passenger,TOT,Total,TOTAL,Total transport,PAS_CRD,Passengers carried,LV,Latvia,2025-11,2025-11,540582
M,Monthly,PAS,Passenger,TOT,Total,TOTAL,Total transport,PAS_CRD,Passengers carried,LV,Latvia,2025-12,2025-12,557499
M,Monthly,PAS,Passenger,TOT,Total,TOTAL,Total transport,PAS_CRD,Passengers carried,LV,Latvia,2026-01,2026-01,442166
M,Monthly,PAS,Passenger,TOT,Total,TOTAL,Total transport,PAS_CRD,Passengers carried,LV,Latvia,2026-02,2026-02,434034
M,Monthly,PAS,Passenger,TOT,Total,TOTAL,Total transport,PAS_CRD,Passengers carried,LV,Latvia,2026-03,2026-03,534565
M,Monthly,PAS,Passenger,TOT,Total,TOTAL,Total transport,PAS_CRD,Passengers carried,LT,Lithuania,2025-02,2025-02,429194
M,Monthly,PAS,Passenger,TOT,Total,TOTAL,Total transport,PAS_CRD,Passengers carried,LT,Lithuania,2025-03,2025-03,506127
M,Monthly,PAS,Passenger,TOT,Total,TOTAL,Total transport,PAS_CRD,Passengers carried,LT,Lithuania,2025-04,2025-04,602128
M,Monthly,PAS,Passenger,TOT,Total,TOTAL,Total transport,PAS_CRD,Passengers carried,LT,Lithuania,2025-05,2025-05,672332
M,Monthly,PAS,Passenger,TOT,Total,TOTAL,Total transport,PAS_CRD,Passengers carried,LT,Lithuania,2025-06,2025-06,665774
M,Monthly,PAS,Passenger,TOT,Total,TOTAL,Total transport,PAS_CRD,Passengers carried,LT,Lithuania,2025-07,2025-07,686149
M,Monthly,PAS,Passenger,TOT,Total,TOTAL,Total transport,PAS_CRD,Passengers carried,LT,Lithuania,2025-08,2025-08,704983
M,Monthly,PAS,Passenger,TOT,Total,TOTAL,Total transport,PAS_CRD,Passengers carried,LT,Lithuania,2025-09,2025-09,665437
M,Monthly,PAS,Passenger,TOT,Total,TOTAL,Total transport,PAS_CRD,Passengers carried,LT,Lithuania,2025-10,2025-10,703005
M,Monthly,PAS,Passenger,TOT,Total,TOTAL,Total transport,PAS_CRD,Passengers carried,LT,Lithuania,2025-11,2025-11,525776
M,Monthly,PAS,Passenger,TOT,Total,TOTAL,Total transport,PAS_CRD,Passengers carried,LT,Lithuania,2025-12,2025-12,534843
M,Monthly,PAS,Passenger,TOT,Total,TOTAL,Total transport,PAS_CRD,Passengers carried,LT,Lithuania,2026-01,2026-01,477171
M,Monthly,PAS,Passenger,TOT,Total,TOTAL,Total transport,PAS_CRD,Passengers carried,LT,Lithuania,2026-02,2026-02,468301
M,Monthly,PAS,Passenger,TOT,Total,TOTAL,Total transport,PAS_CRD,Passengers carried,LT,Lithuania,2026-03,2026-03,540901
M,Monthly,PAS,Passenger,TOT,Total,TOTAL,Total transport,PAS_CRD,Passengers carried,LT,Lithuania,2026-04,2026-04,651731
M,Monthly,PAS,Passenger,TOT,Total,TOTAL,Total transport,PAS_CRD,Passengers carried,LU,Luxembourg,2025-02,2025-02,332123
M,Monthly,PAS,Passenger,TOT,Total,TOTAL,Total transport,PAS_CRD,Passengers carried,LU,Luxembourg,2025-03,2025-03,379404
M,Monthly,PAS,Passenger,TOT,Total,TOTAL,Total transport,PAS_CRD,Passengers carried,LU,Luxembourg,2025-04,2025-04,464453
M,Monthly,PAS,Passenger,TOT,Total,TOTAL,Total transport,PAS_CRD,Passengers carried,LU,Luxembourg,2025-05,2025-05,488801
M,Monthly,PAS,Passenger,TOT,Total,TOTAL,Total transport,PAS_CRD,Passengers carried,LU,Luxembourg,2025-06,2025-06,484694
M,Monthly,PAS,Passenger,TOT,Total,TOTAL,Total transport,PAS_CRD,Passengers carried,LU,Luxembourg,2025-07,2025-07,511869
M,Monthly,PAS,Passenger,TOT,Total,TOTAL,Total transport,PAS_CRD,Passengers carried,LU,Luxembourg,2025-08,2025-08,532430
M,Monthly,PAS,Passenger,TOT,Total,TOTAL,Total transport,PAS_CRD,Passengers carried,LU,Luxembourg,2025-09,2025-09,494276
M,Monthly,PAS,Passenger,TOT,Total,TOTAL,Total transport,PAS_CRD,Passengers carried,LU,Luxembourg,2025-10,2025-10,505403
M,Monthly,PAS,Passenger,TOT,Total,TOTAL,Total transport,PAS_CRD,Passengers carried,LU,Luxembourg,2025-11,2025-11,402763
M,Monthly,PAS,Passenger,TOT,Total,TOTAL,Total transport,PAS_CRD,Passengers carried,LU,Luxembourg,2025-12,2025-12,404100
M,Monthly,PAS,Passenger,TOT,Total,TOTAL,Total transport,PAS_CRD,Passengers carried,LU,Luxembourg,2026-01,2026-01,308053
M,Monthly,PAS,Passenger,TOT,Total,TOTAL,Total transport,PAS_CRD,Passengers carried,LU,Luxembourg,2026-02,2026-02,350858
M,Monthly,PAS,Passenger,TOT,Total,TOTAL,Total transport,PAS_CRD,Passengers carried,LU,Luxembourg,2026-03,2026-03,417264
M,Monthly,PAS,Passenger,TOT,Total,TOTAL,Total transport,PAS_CRD,Passengers carried,LU,Luxembourg,2026-04,2026-04,483832
M,Monthly,PAS,Passenger,TOT,Total,TOTAL,Total transport,PAS_CRD,Passengers carried,HU,Hungary,2025-02,2025-02,1251959
M,Monthly,PAS,Passenger,TOT,Total,TOTAL,Total transport,PAS_CRD,Passengers carried,HU,Hungary,2025-03,2025-03,1474702
M,Monthly,PAS,Passenger,TOT,Total,TOTAL,Total transport,PAS_CRD,Passengers carried,HU,Hungary,2025-04,2025-04,1673674
M,Monthly,PAS,Passenger,TOT,Total,TOTAL,Total transport,PAS_CRD,Passengers carried,HU,Hungary,2025-05,2025-05,1711376
M,Monthly,PAS,Passenger,TOT,Total,TOTAL,Total transport,PAS_CRD,Passengers carried,HU,Hungary,2025-06,2025-06,1709178
M,Monthly,PAS,Passenger,TOT,Total,TOTAL,Total transport,PAS_CRD,Passengers carried,HU,Hungary,2025-07,2025-07,1866995
M,Monthly,PAS,Passenger,TOT,Total,TOTAL,Total transport,PAS_CRD,Passengers carried,HU,Hungary,2025-08,2025-08,1925518
M,Monthly,PAS,Passenger,TOT,Total,TOTAL,Total transport,PAS_CRD,Passengers carried,HU,Hungary,2025-09,2025-09,1813644
M,Monthly,PAS,Passenger,TOT,Total,TOTAL,Total transport,PAS_CRD,Passengers carried,HU,Hungary,2025-10,2025-10,1824709
M,Monthly,PAS,Passenger,TOT,Total,TOTAL,Total transport,PAS_CRD,Passengers carried,HU,Hungary,2025-11,2025-11,1558590
M,Monthly,PAS,Passenger,TOT,Total,TOTAL,Total transport,PAS_CRD,Passengers carried,HU,Hungary,2025-12,2025-12,1647385
M,Monthly,PAS,Passenger,TOT,Total,TOTAL,Total transport,PAS_CRD,Passengers carried,HU,Hungary,2026-01,2026-01,1339169
M,Monthly,PAS,Passenger,TOT,Total,TOTAL,Total transport,PAS_CRD,Passengers carried,HU,Hungary,2026-02,2026-02,1340707
M,Monthly,PAS,Passenger,TOT,Total,TOTAL,Total transport,PAS_CRD,Passengers carried,HU,Hungary,2026-03,2026-03,1492346
M,Monthly,PAS,Passenger,TOT,Total,TOTAL,Total transport,PAS_CRD,Passengers carried,MT,Malta,2025-02,2025-02,561141
M,Monthly,PAS,Passenger,TOT,Total,TOTAL,Total transport,PAS_CRD,Passengers carried,MT,Malta,2025-03,2025-03,725982
M,Monthly,PAS,Passenger,TOT,Total,TOTAL,Total transport,PAS_CRD,Passengers carried,MT,Malta,2025-04,2025-04,897538
M,Monthly,PAS,Passenger,TOT,Total,TOTAL,Total transport,PAS_CRD,Passengers carried,MT,Malta,2025-05,2025-05,928609
M,Monthly,PAS,Passenger,TOT,Total,TOTAL,Total transport,PAS_CRD,Passengers carried,MT,Malta,2025-06,2025-06,924368
M,Monthly,PAS,Passenger,TOT,Total,TOTAL,Total transport,PAS_CRD,Passengers carried,MT,Malta,2025-07,2025-07,1036422
M,Monthly,PAS,Passenger,TOT,Total,TOTAL,Total transport,PAS_CRD,Passengers carried,MT,Malta,2025-08,2025-08,1073178
M,Monthly,PAS,Passenger,TOT,Total,TOTAL,Total transport,PAS_CRD,Passengers carried,MT,Malta,2025-09,2025-09,990959
M,Monthly,PAS,Passenger,TOT,Total,TOTAL,Total transport,PAS_CRD,Passengers carried,MT,Malta,2025-10,2025-10,979306
M,Monthly,PAS,Passenger,TOT,Total,TOTAL,Total transport,PAS_CRD,Passengers carried,MT,Malta,2025-11,2025-11,735485
M,Monthly,PAS,Passenger,TOT,Total,TOTAL,Total transport,PAS_CRD,Passengers carried,NL,Netherlands,2025-02,2025-02,5272474
M,Monthly,PAS,Passenger,TOT,Total,TOTAL,Total transport,PAS_CRD,Passengers carried,NL,Netherlands,2025-03,2025-03,6000649
M,Monthly,PAS,Passenger,TOT,Total,TOTAL,Total transport,PAS_CRD,Passengers carried,NL,Netherlands,2025-04,2025-04,6672697
M,Monthly,PAS,Passenger,TOT,Total,TOTAL,Total transport,PAS_CRD,Passengers carried,NL,Netherlands,2025-05,2025-05,7064840
M,Monthly,PAS,Passenger,TOT,Total,TOTAL,Total transport,PAS_CRD,Passengers carried,NL,Netherlands,2025-06,2025-06,6981675
M,Monthly,PAS,Passenger,TOT,Total,TOTAL,Total transport,PAS_CRD,Passengers carried,NL,Netherlands,2025-07,2025-07,7516211
M,Monthly,PAS,Passenger,TOT,Total,TOTAL,Total transport,PAS_CRD,Passengers carried,NL,Netherlands,2025-08,2025-08,7642186
M,Monthly,PAS,Passenger,TOT,Total,TOTAL,Total transport,PAS_CRD,Passengers carried,NL,Netherlands,2025-09,2025-09,7048265
M,Monthly,PAS,Passenger,TOT,Total,TOTAL,Total transport,PAS_CRD,Passengers carried,NL,Netherlands,2025-10,2025-10,7128077
M,Monthly,PAS,Passenger,TOT,Total,TOTAL,Total transport,PAS_CRD,Passengers carried,NL,Netherlands,2025-11,2025-11,5833498
M,Monthly,PAS,Passenger,TOT,Total,TOTAL,Total transport,PAS_CRD,Passengers carried,NL,Netherlands,2025-12,2025-12,5894257
M,Monthly,PAS,Passenger,TOT,Total,TOTAL,Total transport,PAS_CRD,Passengers carried,NL,Netherlands,2026-01,2026-01,4970488
M,Monthly,PAS,Passenger,TOT,Total,TOTAL,Total transport,PAS_CRD,Passengers carried,NL,Netherlands,2026-02,2026-02,5183208
M,Monthly,PAS,Passenger,TOT,Total,TOTAL,Total transport,PAS_CRD,Passengers carried,AT,Austria,2025-02,2025-02,2328896
M,Monthly,PAS,Passenger,TOT,Total,TOTAL,Total transport,PAS_CRD,Passengers carried,AT,Austria,2025-03,2025-03,2650130
M,Monthly,PAS,Passenger,TOT,Total,TOTAL,Total transport,PAS_CRD,Passengers carried,AT,Austria,2025-04,2025-04,3012678
M,Monthly,PAS,Passenger,TOT,Total,TOTAL,Total transport,PAS_CRD,Passengers carried,AT,Austria,2025-05,2025-05,3111959
M,Monthly,PAS,Passenger,TOT,Total,TOTAL,Total transport,PAS_CRD,Passengers carried,AT,Austria,2025-06,2025-06,3283721
M,Monthly,PAS,Passenger,TOT,Total,TOTAL,Total transport,PAS_CRD,Passengers carried,AT,Austria,2025-07,2025-07,3592713
M,Monthly,PAS,Passenger,TOT,Total,TOTAL,Total transport,PAS_CRD,Passengers carried,AT,Austria,2025-08,2025-08,3742655
M,Monthly,PAS,Passenger,TOT,Total,TOTAL,Total transport,PAS_CRD,Passengers carried,AT,Austria,2025-09,2025-09,3453729
M,Monthly,PAS,Passenger,TOT,Total,TOTAL,Total transport,PAS_CRD,Passengers carried,AT,Austria,2025-10,2025-10,3302493
M,Monthly,PAS,Passenger,TOT,Total,TOTAL,Total transport,PAS_CRD,Passengers carried,AT,Austria,2025-11,2025-11,2552040
M,Monthly,PAS,Passenger,TOT,Total,TOTAL,Total transport,PAS_CRD,Passengers carried,AT,Austria,2025-12,2025-12,2827378
M,Monthly,PAS,Passenger,TOT,Total,TOTAL,Total transport,PAS_CRD,Passengers carried,AT,Austria,2026-01,2026-01,2317970
M,Monthly,PAS,Passenger,TOT,Total,TOTAL,Total transport,PAS_CRD,Passengers carried,AT,Austria,2026-02,2026-02,2345124
M,Monthly,PAS,Passenger,TOT,Total,TOTAL,Total transport,PAS_CRD,Passengers carried,AT,Austria,2026-03,2026-03,2660638
M,Monthly,PAS,Passenger,TOT,Total,TOTAL,Total transport,PAS_CRD,Passengers carried,AT,Austria,2026-04,2026-04,2792404
M,Monthly,PAS,Passenger,TOT,Total,TOTAL,Total transport,PAS_CRD,Passengers carried,PL,Poland,2025-02,2025-02,3850796
M,Monthly,PAS,Passenger,TOT,Total,TOTAL,Total transport,PAS_CRD,Passengers carried,PL,Poland,2025-03,2025-03,4266585
M,Monthly,PAS,Passenger,TOT,Total,TOTAL,Total transport,PAS_CRD,Passengers carried,PL,Poland,2025-04,2025-04,4869280
M,Monthly,PAS,Passenger,TOT,Total,TOTAL,Total transport,PAS_CRD,Passengers carried,PL,Poland,2025-05,2025-05,5714583
M,Monthly,PAS,Passenger,TOT,Total,TOTAL,Total transport,PAS_CRD,Passengers carried,PL,Poland,2025-06,2025-06,6321728
M,Monthly,PAS,Passenger,TOT,Total,TOTAL,Total transport,PAS_CRD,Passengers carried,PL,Poland,2025-07,2025-07,6932995
M,Monthly,PAS,Passenger,TOT,Total,TOTAL,Total transport,PAS_CRD,Passengers carried,PL,Poland,2025-08,2025-08,7134796
M,Monthly,PAS,Passenger,TOT,Total,TOTAL,Total transport,PAS_CRD,Passengers carried,PL,Poland,2025-09,2025-09,6523735
M,Monthly,PAS,Passenger,TOT,Total,TOTAL,Total transport,PAS_CRD,Passengers carried,PL,Poland,2025-10,2025-10,5726231
M,Monthly,PAS,Passenger,TOT,Total,TOTAL,Total transport,PAS_CRD,Passengers carried,PL,Poland,2025-11,2025-11,4278104
M,Monthly,PAS,Passenger,TOT,Total,TOTAL,Total transport,PAS_CRD,Passengers carried,PL,Poland,2025-12,2025-12,4684909
M,Monthly,PAS,Passenger,TOT,Total,TOTAL,Total transport,PAS_CRD,Passengers carried,PL,Poland,2026-01,2026-01,4332116
M,Monthly,PAS,Passenger,TOT,Total,TOTAL,Total transport,PAS_CRD,Passengers carried,PL,Poland,2026-02,2026-02,4405795
M,Monthly,PAS,Passenger,TOT,Total,TOTAL,Total transport,PAS_CRD,Passengers carried,PT,Portugal,2025-02,2025-02,3934879
M,Monthly,PAS,Passenger,TOT,Total,TOTAL,Total transport,PAS_CRD,Passengers carried,PT,Portugal,2025-03,2025-03,4907278
M,Monthly,PAS,Passenger,TOT,Total,TOTAL,Total transport,PAS_CRD,Passengers carried,PT,Portugal,2025-04,2025-04,5916191
M,Monthly,PAS,Passenger,TOT,Total,TOTAL,Total transport,PAS_CRD,Passengers carried,PT,Portugal,2025-05,2025-05,6317939
M,Monthly,PAS,Passenger,TOT,Total,TOTAL,Total transport,PAS_CRD,Passengers carried,PT,Portugal,2025-06,2025-06,6472081
M,Monthly,PAS,Passenger,TOT,Total,TOTAL,Total transport,PAS_CRD,Passengers carried,PT,Portugal,2025-07,2025-07,6872242
M,Monthly,PAS,Passenger,TOT,Total,TOTAL,Total transport,PAS_CRD,Passengers carried,PT,Portugal,2025-08,2025-08,7055138
M,Monthly,PAS,Passenger,TOT,Total,TOTAL,Total transport,PAS_CRD,Passengers carried,PT,Portugal,2025-09,2025-09,6548730
M,Monthly,PAS,Passenger,TOT,Total,TOTAL,Total transport,PAS_CRD,Passengers carried,PT,Portugal,2025-10,2025-10,6267873
M,Monthly,PAS,Passenger,TOT,Total,TOTAL,Total transport,PAS_CRD,Passengers carried,PT,Portugal,2025-11,2025-11,4553775
M,Monthly,PAS,Passenger,TOT,Total,TOTAL,Total transport,PAS_CRD,Passengers carried,PT,Portugal,2025-12,2025-12,4470453
M,Monthly,PAS,Passenger,TOT,Total,TOTAL,Total transport,PAS_CRD,Passengers carried,RO,Romania,2025-02,2025-02,1638835
M,Monthly,PAS,Passenger,TOT,Total,TOTAL,Total transport,PAS_CRD,Passengers carried,RO,Romania,2025-03,2025-03,1870040
M,Monthly,PAS,Passenger,TOT,Total,TOTAL,Total transport,PAS_CRD,Passengers carried,RO,Romania,2025-04,2025-04,2092258
M,Monthly,PAS,Passenger,TOT,Total,TOTAL,Total transport,PAS_CRD,Passengers carried,RO,Romania,2025-05,2025-05,2156885
M,Monthly,PAS,Passenger,TOT,Total,TOTAL,Total transport,PAS_CRD,Passengers carried,RO,Romania,2025-06,2025-06,2372974
M,Monthly,PAS,Passenger,TOT,Total,TOTAL,Total transport,PAS_CRD,Passengers carried,RO,Romania,2025-07,2025-07,2616949
M,Monthly,PAS,Passenger,TOT,Total,TOTAL,Total transport,PAS_CRD,Passengers carried,RO,Romania,2025-08,2025-08,2831399
M,Monthly,PAS,Passenger,TOT,Total,TOTAL,Total transport,PAS_CRD,Passengers carried,RO,Romania,2025-09,2025-09,2580039
M,Monthly,PAS,Passenger,TOT,Total,TOTAL,Total transport,PAS_CRD,Passengers carried,RO,Romania,2025-10,2025-10,2388444
M,Monthly,PAS,Passenger,TOT,Total,TOTAL,Total transport,PAS_CRD,Passengers carried,RO,Romania,2025-11,2025-11,1901273
M,Monthly,PAS,Passenger,TOT,Total,TOTAL,Total transport,PAS_CRD,Passengers carried,RO,Romania,2025-12,2025-12,1995109
M,Monthly,PAS,Passenger,TOT,Total,TOTAL,Total transport,PAS_CRD,Passengers carried,SI,Slovenia,2025-02,2025-02,81191
M,Monthly,PAS,Passenger,TOT,Total,TOTAL,Total transport,PAS_CRD,Passengers carried,SI,Slovenia,2025-03,2025-03,94532
M,Monthly,PAS,Passenger,TOT,Total,TOTAL,Total transport,PAS_CRD,Passengers carried,SI,Slovenia,2025-04,2025-04,125567
M,Monthly,PAS,Passenger,TOT,Total,TOTAL,Total transport,PAS_CRD,Passengers carried,SI,Slovenia,2025-05,2025-05,151791
M,Monthly,PAS,Passenger,TOT,Total,TOTAL,Total transport,PAS_CRD,Passengers carried,SI,Slovenia,2025-06,2025-06,163501
M,Monthly,PAS,Passenger,TOT,Total,TOTAL,Total transport,PAS_CRD,Passengers carried,SI,Slovenia,2025-07,2025-07,181599
M,Monthly,PAS,Passenger,TOT,Total,TOTAL,Total transport,PAS_CRD,Passengers carried,SI,Slovenia,2025-08,2025-08,186328
M,Monthly,PAS,Passenger,TOT,Total,TOTAL,Total transport,PAS_CRD,Passengers carried,SI,Slovenia,2025-09,2025-09,176206
M,Monthly,PAS,Passenger,TOT,Total,TOTAL,Total transport,PAS_CRD,Passengers carried,SI,Slovenia,2025-10,2025-10,150564
M,Monthly,PAS,Passenger,TOT,Total,TOTAL,Total transport,PAS_CRD,Passengers carried,SI,Slovenia,2025-11,2025-11,105623
M,Monthly,PAS,Passenger,TOT,Total,TOTAL,Total transport,PAS_CRD,Passengers carried,SI,Slovenia,2025-12,2025-12,101803
M,Monthly,PAS,Passenger,TOT,Total,TOTAL,Total transport,PAS_CRD,Passengers carried,SI,Slovenia,2026-01,2026-01,87672
M,Monthly,PAS,Passenger,TOT,Total,TOTAL,Total transport,PAS_CRD,Passengers carried,SI,Slovenia,2026-02,2026-02,95121
M,Monthly,PAS,Passenger,TOT,Total,TOTAL,Total transport,PAS_CRD,Passengers carried,SI,Slovenia,2026-03,2026-03,110615
M,Monthly,PAS,Passenger,TOT,Total,TOTAL,Total transport,PAS_CRD,Passengers carried,SK,Slovakia,2025-02,2025-02,122587
M,Monthly,PAS,Passenger,TOT,Total,TOTAL,Total transport,PAS_CRD,Passengers carried,SK,Slovakia,2025-03,2025-03,143424
M,Monthly,PAS,Passenger,TOT,Total,TOTAL,Total transport,PAS_CRD,Passengers carried,SK,Slovakia,2025-04,2025-04,194994
M,Monthly,PAS,Passenger,TOT,Total,TOTAL,Total transport,PAS_CRD,Passengers carried,SK,Slovakia,2025-05,2025-05,227991
M,Monthly,PAS,Passenger,TOT,Total,TOTAL,Total transport,PAS_CRD,Passengers carried,SK,Slovakia,2025-06,2025-06,380326
M,Monthly,PAS,Passenger,TOT,Total,TOTAL,Total transport,PAS_CRD,Passengers carried,SK,Slovakia,2025-07,2025-07,490011
M,Monthly,PAS,Passenger,TOT,Total,TOTAL,Total transport,PAS_CRD,Passengers carried,SK,Slovakia,2025-08,2025-08,481573
M,Monthly,PAS,Passenger,TOT,Total,TOTAL,Total transport,PAS_CRD,Passengers carried,SK,Slovakia,2025-09,2025-09,352844
M,Monthly,PAS,Passenger,TOT,Total,TOTAL,Total transport,PAS_CRD,Passengers carried,SK,Slovakia,2025-10,2025-10,245395
M,Monthly,PAS,Passenger,TOT,Total,TOTAL,Total transport,PAS_CRD,Passengers carried,SK,Slovakia,2025-11,2025-11,204258
M,Monthly,PAS,Passenger,TOT,Total,TOTAL,Total transport,PAS_CRD,Passengers carried,SK,Slovakia,2025-12,2025-12,269192
M,Monthly,PAS,Passenger,TOT,Total,TOTAL,Total transport,PAS_CRD,Passengers carried,SK,Slovakia,2026-01,2026-01,232448
M,Monthly,PAS,Passenger,TOT,Total,TOTAL,Total transport,PAS_CRD,Passengers carried,SK,Slovakia,2026-02,2026-02,250334
M,Monthly,PAS,Passenger,TOT,Total,TOTAL,Total transport,PAS_CRD,Passengers carried,SK,Slovakia,2026-03,2026-03,312028
M,Monthly,PAS,Passenger,TOT,Total,TOTAL,Total transport,PAS_CRD,Passengers carried,SK,Slovakia,2026-04,2026-04,418638
M,Monthly,PAS,Passenger,TOT,Total,TOTAL,Total transport,PAS_CRD,Passengers carried,FI,Finland,2025-02,2025-02,1409738
M,Monthly,PAS,Passenger,TOT,Total,TOTAL,Total transport,PAS_CRD,Passengers carried,FI,Finland,2025-03,2025-03,1488936
M,Monthly,PAS,Passenger,TOT,Total,TOTAL,Total transport,PAS_CRD,Passengers carried,FI,Finland,2025-04,2025-04,1429653
M,Monthly,PAS,Passenger,TOT,Total,TOTAL,Total transport,PAS_CRD,Passengers carried,FI,Finland,2025-05,2025-05,1560906
M,Monthly,PAS,Passenger,TOT,Total,TOTAL,Total transport,PAS_CRD,Passengers carried,FI,Finland,2025-06,2025-06,1653882
M,Monthly,PAS,Passenger,TOT,Total,TOTAL,Total transport,PAS_CRD,Passengers carried,FI,Finland,2025-07,2025-07,1665901
M,Monthly,PAS,Passenger,TOT,Total,TOTAL,Total transport,PAS_CRD,Passengers carried,FI,Finland,2025-08,2025-08,1629654
M,Monthly,PAS,Passenger,TOT,Total,TOTAL,Total transport,PAS_CRD,Passengers carried,FI,Finland,2025-09,2025-09,1537144
M,Monthly,PAS,Passenger,TOT,Total,TOTAL,Total transport,PAS_CRD,Passengers carried,FI,Finland,2025-10,2025-10,1606369
M,Monthly,PAS,Passenger,TOT,Total,TOTAL,Total transport,PAS_CRD,Passengers carried,FI,Finland,2025-11,2025-11,1416904
M,Monthly,PAS,Passenger,TOT,Total,TOTAL,Total transport,PAS_CRD,Passengers carried,FI,Finland,2025-12,2025-12,1860397
M,Monthly,PAS,Passenger,TOT,Total,TOTAL,Total transport,PAS_CRD,Passengers carried,FI,Finland,2026-01,2026-01,1535947
M,Monthly,PAS,Passenger,TOT,Total,TOTAL,Total transport,PAS_CRD,Passengers carried,FI,Finland,2026-02,2026-02,1538629
M,Monthly,PAS,Passenger,TOT,Total,TOTAL,Total transport,PAS_CRD,Passengers carried,FI,Finland,2026-03,2026-03,1602648
M,Monthly,PAS,Passenger,TOT,Total,TOTAL,Total transport,PAS_CRD,Passengers carried,FI,Finland,2026-04,2026-04,1501093
M,Monthly,PAS,Passenger,TOT,Total,TOTAL,Total transport,PAS_CRD,Passengers carried,SE,Sweden,2025-02,2025-02,1880992
M,Monthly,PAS,Passenger,TOT,Total,TOTAL,Total transport,PAS_CRD,Passengers carried,SE,Sweden,2025-03,2025-03,2194402
M,Monthly,PAS,Passenger,TOT,Total,TOTAL,Total transport,PAS_CRD,Passengers carried,SE,Sweden,2025-04,2025-04,2438181
M,Monthly,PAS,Passenger,TOT,Total,TOTAL,Total transport,PAS_CRD,Passengers carried,SE,Sweden,2025-05,2025-05,2767478
M,Monthly,PAS,Passenger,TOT,Total,TOTAL,Total transport,PAS_CRD,Passengers carried,SE,Sweden,2025-06,2025-06,3013005
M,Monthly,PAS,Passenger,TOT,Total,TOTAL,Total transport,PAS_CRD,Passengers carried,SE,Sweden,2025-07,2025-07,3152461
M,Monthly,PAS,Passenger,TOT,Total,TOTAL,Total transport,PAS_CRD,Passengers carried,SE,Sweden,2025-08,2025-08,3044868
M,Monthly,PAS,Passenger,TOT,Total,TOTAL,Total transport,PAS_CRD,Passengers carried,SE,Sweden,2025-09,2025-09,2838930
M,Monthly,PAS,Passenger,TOT,Total,TOTAL,Total transport,PAS_CRD,Passengers carried,SE,Sweden,2025-10,2025-10,2785909
M,Monthly,PAS,Passenger,TOT,Total,TOTAL,Total transport,PAS_CRD,Passengers carried,SE,Sweden,2025-11,2025-11,2234903
M,Monthly,PAS,Passenger,TOT,Total,TOTAL,Total transport,PAS_CRD,Passengers carried,SE,Sweden,2025-12,2025-12,2278819
M,Monthly,PAS,Passenger,TOT,Total,TOTAL,Total transport,PAS_CRD,Passengers carried,SE,Sweden,2026-01,2026-01,2006041
M,Monthly,PAS,Passenger,TOT,Total,TOTAL,Total transport,PAS_CRD,Passengers carried,IS,Iceland,2025-02,2025-02,505714
M,Monthly,PAS,Passenger,TOT,Total,TOTAL,Total transport,PAS_CRD,Passengers carried,IS,Iceland,2025-03,2025-03,597530
M,Monthly,PAS,Passenger,TOT,Total,TOTAL,Total transport,PAS_CRD,Passengers carried,IS,Iceland,2025-04,2025-04,683647
M,Monthly,PAS,Passenger,TOT,Total,TOTAL,Total transport,PAS_CRD,Passengers carried,IS,Iceland,2025-05,2025-05,732479
M,Monthly,PAS,Passenger,TOT,Total,TOTAL,Total transport,PAS_CRD,Passengers carried,IS,Iceland,2025-06,2025-06,897181
M,Monthly,PAS,Passenger,TOT,Total,TOTAL,Total transport,PAS_CRD,Passengers carried,IS,Iceland,2025-07,2025-07,1026524
M,Monthly,PAS,Passenger,TOT,Total,TOTAL,Total transport,PAS_CRD,Passengers carried,IS,Iceland,2025-08,2025-08,1025569
M,Monthly,PAS,Passenger,TOT,Total,TOTAL,Total transport,PAS_CRD,Passengers carried,IS,Iceland,2025-09,2025-09,780811
M,Monthly,PAS,Passenger,TOT,Total,TOTAL,Total transport,PAS_CRD,Passengers carried,IS,Iceland,2025-10,2025-10,688088
M,Monthly,PAS,Passenger,TOT,Total,TOTAL,Total transport,PAS_CRD,Passengers carried,IS,Iceland,2025-11,2025-11,530135
M,Monthly,PAS,Passenger,TOT,Total,TOTAL,Total transport,PAS_CRD,Passengers carried,IS,Iceland,2025-12,2025-12,536776
M,Monthly,PAS,Passenger,TOT,Total,TOTAL,Total transport,PAS_CRD,Passengers carried,IS,Iceland,2026-01,2026-01,471471
M,Monthly,PAS,Passenger,TOT,Total,TOTAL,Total transport,PAS_CRD,Passengers carried,IS,Iceland,2026-02,2026-02,485236
M,Monthly,PAS,Passenger,TOT,Total,TOTAL,Total transport,PAS_CRD,Passengers carried,IS,Iceland,2026-03,2026-03,553543
M,Monthly,PAS,Passenger,TOT,Total,TOTAL,Total transport,PAS_CRD,Passengers carried,IS,Iceland,2026-04,2026-04,600926
M,Monthly,PAS,Passenger,TOT,Total,TOTAL,Total transport,PAS_CRD,Passengers carried,IS,Iceland,2026-05,2026-05,685921
M,Monthly,PAS,Passenger,TOT,Total,TOTAL,Total transport,PAS_CRD,Passengers carried,NO,Norway,2025-02,2025-02,2659610
M,Monthly,PAS,Passenger,TOT,Total,TOTAL,Total transport,PAS_CRD,Passengers carried,NO,Norway,2025-03,2025-03,3078704
M,Monthly,PAS,Passenger,TOT,Total,TOTAL,Total transport,PAS_CRD,Passengers carried,NO,Norway,2025-04,2025-04,3165159
M,Monthly,PAS,Passenger,TOT,Total,TOTAL,Total transport,PAS_CRD,Passengers carried,NO,Norway,2025-05,2025-05,3332677
M,Monthly,PAS,Passenger,TOT,Total,TOTAL,Total transport,PAS_CRD,Passengers carried,NO,Norway,2025-06,2025-06,3817238
M,Monthly,PAS,Passenger,TOT,Total,TOTAL,Total transport,PAS_CRD,Passengers carried,NO,Norway,2025-07,2025-07,4074105
M,Monthly,PAS,Passenger,TOT,Total,TOTAL,Total transport,PAS_CRD,Passengers carried,NO,Norway,2025-08,2025-08,3808657
M,Monthly,PAS,Passenger,TOT,Total,TOTAL,Total transport,PAS_CRD,Passengers carried,NO,Norway,2025-09,2025-09,3643378
M,Monthly,PAS,Passenger,TOT,Total,TOTAL,Total transport,PAS_CRD,Passengers carried,NO,Norway,2025-10,2025-10,3547788
M,Monthly,PAS,Passenger,TOT,Total,TOTAL,Total transport,PAS_CRD,Passengers carried,NO,Norway,2025-11,2025-11,2894209
M,Monthly,PAS,Passenger,TOT,Total,TOTAL,Total transport,PAS_CRD,Passengers carried,NO,Norway,2025-12,2025-12,2876124
M,Monthly,PAS,Passenger,TOT,Total,TOTAL,Total transport,PAS_CRD,Passengers carried,CH,Switzerland,2025-02,2025-02,3987973
M,Monthly,PAS,Passenger,TOT,Total,TOTAL,Total transport,PAS_CRD,Passengers carried,CH,Switzerland,2025-03,2025-03,4505092
M,Monthly,PAS,Passenger,TOT,Total,TOTAL,Total transport,PAS_CRD,Passengers carried,CH,Switzerland,2025-04,2025-04,5045205
M,Monthly,PAS,Passenger,TOT,Total,TOTAL,Total transport,PAS_CRD,Passengers carried,CH,Switzerland,2025-05,2025-05,4935816
M,Monthly,PAS,Passenger,TOT,Total,TOTAL,Total transport,PAS_CRD,Passengers carried,CH,Switzerland,2025-06,2025-06,5196799
M,Monthly,PAS,Passenger,TOT,Total,TOTAL,Total transport,PAS_CRD,Passengers carried,CH,Switzerland,2025-07,2025-07,5741092
M,Monthly,PAS,Passenger,TOT,Total,TOTAL,Total transport,PAS_CRD,Passengers carried,CH,Switzerland,2025-08,2025-08,5809140
M,Monthly,PAS,Passenger,TOT,Total,TOTAL,Total transport,PAS_CRD,Passengers carried,CH,Switzerland,2025-09,2025-09,5311062
M,Monthly,PAS,Passenger,TOT,Total,TOTAL,Total transport,PAS_CRD,Passengers carried,CH,Switzerland,2025-10,2025-10,5561003
M,Monthly,PAS,Passenger,TOT,Total,TOTAL,Total transport,PAS_CRD,Passengers carried,CH,Switzerland,2025-11,2025-11,3965382
M,Monthly,PAS,Passenger,TOT,Total,TOTAL,Total transport,PAS_CRD,Passengers carried,CH,Switzerland,2025-12,2025-12,4754581
M,Monthly,PAS,Passenger,TOT,Total,TOTAL,Total transport,PAS_CRD,Passengers carried,ME,Montenegro,2025-02,2025-02,91934
M,Monthly,PAS,Passenger,TOT,Total,TOTAL,Total transport,PAS_CRD,Passengers carried,ME,Montenegro,2025-03,2025-03,114810
M,Monthly,PAS,Passenger,TOT,Total,TOTAL,Total transport,PAS_CRD,Passengers carried,ME,Montenegro,2025-04,2025-04,223370
M,Monthly,PAS,Passenger,TOT,Total,TOTAL,Total transport,PAS_CRD,Passengers carried,ME,Montenegro,2025-05,2025-05,291206
M,Monthly,PAS,Passenger,TOT,Total,TOTAL,Total transport,PAS_CRD,Passengers carried,ME,Montenegro,2025-06,2025-06,376191
M,Monthly,PAS,Passenger,TOT,Total,TOTAL,Total transport,PAS_CRD,Passengers carried,ME,Montenegro,2025-07,2025-07,484424
M,Monthly,PAS,Passenger,TOT,Total,TOTAL,Total transport,PAS_CRD,Passengers carried,ME,Montenegro,2025-08,2025-08,508526
M,Monthly,PAS,Passenger,TOT,Total,TOTAL,Total transport,PAS_CRD,Passengers carried,ME,Montenegro,2025-09,2025-09,404321
M,Monthly,PAS,Passenger,TOT,Total,TOTAL,Total transport,PAS_CRD,Passengers carried,ME,Montenegro,2025-10,2025-10,269340
M,Monthly,PAS,Passenger,TOT,Total,TOTAL,Total transport,PAS_CRD,Passengers carried,ME,Montenegro,2025-11,2025-11,112585
M,Monthly,PAS,Passenger,TOT,Total,TOTAL,Total transport,PAS_CRD,Passengers carried,ME,Montenegro,2025-12,2025-12,245922
M,Monthly,PAS,Passenger,TOT,Total,TOTAL,Total transport,PAS_CRD,Passengers carried,MK,North Macedonia,2025-02,2025-02,188969
M,Monthly,PAS,Passenger,TOT,Total,TOTAL,Total transport,PAS_CRD,Passengers carried,MK,North Macedonia,2025-03,2025-03,221126
M,Monthly,PAS,Passenger,TOT,Total,TOTAL,Total transport,PAS_CRD,Passengers carried,MK,North Macedonia,2025-04,2025-04,275514
M,Monthly,PAS,Passenger,TOT,Total,TOTAL,Total transport,PAS_CRD,Passengers carried,MK,North Macedonia,2025-05,2025-05,295881
M,Monthly,PAS,Passenger,TOT,Total,TOTAL,Total transport,PAS_CRD,Passengers carried,MK,North Macedonia,2025-06,2025-06,324136
M,Monthly,PAS,Passenger,TOT,Total,TOTAL,Total transport,PAS_CRD,Passengers carried,MK,North Macedonia,2025-07,2025-07,352290
M,Monthly,PAS,Passenger,TOT,Total,TOTAL,Total transport,PAS_CRD,Passengers carried,MK,North Macedonia,2025-08,2025-08,372534
M,Monthly,PAS,Passenger,TOT,Total,TOTAL,Total transport,PAS_CRD,Passengers carried,MK,North Macedonia,2025-09,2025-09,329365
M,Monthly,PAS,Passenger,TOT,Total,TOTAL,Total transport,PAS_CRD,Passengers carried,MK,North Macedonia,2025-10,2025-10,317359
M,Monthly,PAS,Passenger,TOT,Total,TOTAL,Total transport,PAS_CRD,Passengers carried,MK,North Macedonia,2025-11,2025-11,277106
M,Monthly,PAS,Passenger,TOT,Total,TOTAL,Total transport,PAS_CRD,Passengers carried,MK,North Macedonia,2025-12,2025-12,294686
M,Monthly,PAS,Passenger,TOT,Total,TOTAL,Total transport,PAS_CRD,Passengers carried,MK,North Macedonia,2026-01,2026-01,289193
M,Monthly,PAS,Passenger,TOT,Total,TOTAL,Total transport,PAS_CRD,Passengers carried,RS,Serbia,2025-02,2025-02,514354
M,Monthly,PAS,Passenger,TOT,Total,TOTAL,Total transport,PAS_CRD,Passengers carried,RS,Serbia,2025-03,2025-03,579139
M,Monthly,PAS,Passenger,TOT,Total,TOTAL,Total transport,PAS_CRD,Passengers carried,RS,Serbia,2025-04,2025-04,713426
M,Monthly,PAS,Passenger,TOT,Total,TOTAL,Total transport,PAS_CRD,Passengers carried,RS,Serbia,2025-05,2025-05,783988
M,Monthly,PAS,Passenger,TOT,Total,TOTAL,Total transport,PAS_CRD,Passengers carried,RS,Serbia,2025-06,2025-06,905876
M,Monthly,PAS,Passenger,TOT,Total,TOTAL,Total transport,PAS_CRD,Passengers carried,RS,Serbia,2025-07,2025-07,1019978
M,Monthly,PAS,Passenger,TOT,Total,TOTAL,Total transport,PAS_CRD,Passengers carried,RS,Serbia,2025-08,2025-08,1049636
M,Monthly,PAS,Passenger,TOT,Total,TOTAL,Total transport,PAS_CRD,Passengers carried,RS,Serbia,2025-09,2025-09,941969
M,Monthly,PAS,Passenger,TOT,Total,TOTAL,Total transport,PAS_CRD,Passengers carried,RS,Serbia,2025-10,2025-10,845951
M,Monthly,PAS,Passenger,TOT,Total,TOTAL,Total transport,PAS_CRD,Passengers carried,RS,Serbia,2025-11,2025-11,677122
M,Monthly,PAS,Passenger,TOT,Total,TOTAL,Total transport,PAS_CRD,Passengers carried,RS,Serbia,2025-12,2025-12,680219
M,Monthly,PAS,Passenger,TOT,Total,TOTAL,Total transport,PAS_CRD,Passengers carried,TR,Türkiye,2025-02,2025-02,11017365
M,Monthly,PAS,Passenger,TOT,Total,TOTAL,Total transport,PAS_CRD,Passengers carried,TR,Türkiye,2025-03,2025-03,11353638
M,Monthly,PAS,Passenger,TOT,Total,TOTAL,Total transport,PAS_CRD,Passengers carried,TR,Türkiye,2025-04,2025-04,15038031
M,Monthly,PAS,Passenger,TOT,Total,TOTAL,Total transport,PAS_CRD,Passengers carried,TR,Türkiye,2025-05,2025-05,16944027
M,Monthly,PAS,Passenger,TOT,Total,TOTAL,Total transport,PAS_CRD,Passengers carried,TR,Türkiye,2025-06,2025-06,18754708
