trip_id,traveler_name,window,start_date,weekday,end_date,nights,origin_airport,destination_airport,destination_city,carrier_name,distance_km,transportation_cost,route_carriers
OPA-2021-01-13,Aouda,January,2021-01-13,Wednesday,2021-01-20,7,BOS,LIS,Lisbon,TAP-TAP Air Portugal,5124.1,420.0,"S4, TP"
OPA-2021-03-03,Aouda,March,2021-03-03,Wednesday,2021-03-10,7,BOS,BCN,Barcelona,Iberia Air Lines Of Spain,5858.0,420.0,IB
OPA-2021-04-28,Aouda,LateApril,2021-04-28,Wednesday,2021-05-05,7,BOS,DUB,Dublin,Delta Air Lines Inc.,4802.9,420.0,"DL, EI, UA"
OPA-2021-08-25,Aouda,LateAugust,2021-08-25,Wednesday,2021-08-30,5,BOS,MCO,Orlando,JetBlue Airways,1806.0,215.0,"B6, DL, FL, WN"
OPA-2021-09-08,Aouda,September,2021-09-08,Wednesday,2021-09-15,7,BOS,FCO,Rome,Delta Air Lines Inc.,6568.7,420.0,"AZ, DL"
OPA-2022-01-12,Aouda,January,2022-01-12,Wednesday,2022-01-19,7,BOS,LIS,Lisbon,TAP-TAP Air Portugal,5124.1,420.0,"S4, TP"
OPA-2022-03-02,Aouda,March,2022-03-02,Wednesday,2022-03-09,7,BOS,BCN,Barcelona,Iberia Air Lines Of Spain,5858.0,420.0,IB
OPA-2022-04-27,Aouda,LateApril,2022-04-27,Wednesday,2022-05-04,7,BOS,DUB,Dublin,Aer Lingus Plc,4802.9,420.0,"DL, EI, UA"
OPA-2022-08-31,Aouda,LateAugust,2022-08-31,Wednesday,2022-09-05,5,BOS,MCO,Orlando,Delta Air Lines Inc.,1806.0,215.0,"B6, DL, FL, WN"
OPA-2022-09-14,Aouda,September,2022-09-14,Wednesday,2022-09-21,7,BOS,FCO,Rome,Delta Air Lines Inc.,6568.7,420.0,"AZ, DL"
OPA-2023-01-11,Aouda,January,2023-01-11,Wednesday,2023-01-18,7,BOS,LIS,Lisbon,TAP-TAP Air Portugal,5124.1,420.0,"S4, TP"
OPA-2023-03-01,Aouda,March,2023-03-01,Wednesday,2023-03-08,7,BOS,BCN,Barcelona,Iberia Air Lines Of Spain,5858.0,420.0,IB
OPA-2023-04-26,Aouda,LateApril,2023-04-26,Wednesday,2023-05-03,7,BOS,DUB,Dublin,United Air Lines Inc.,4802.9,420.0,"DL, EI, UA"
OPA-2023-08-30,Aouda,LateAugust,2023-08-30,Wednesday,2023-09-04,5,BOS,MCO,Orlando,Southwest Airlines Co.,1806.0,215.0,"B6, DL, FL, WN"
OPA-2023-09-13,Aouda,September,2023-09-13,Wednesday,2023-09-20,7,BOS,FCO,Rome,Delta Air Lines Inc.,6568.7,420.0,"AZ, DL"
OPA-2024-01-10,Aouda,January,2024-01-10,Wednesday,2024-01-17,7,BOS,LIS,Lisbon,TAP-TAP Air Portugal,5124.1,420.0,"S4, TP"
OPA-2024-03-06,Aouda,March,2024-03-06,Wednesday,2024-03-13,7,BOS,BCN,Barcelona,Iberia Air Lines Of Spain,5858.0,420.0,IB
OPA-2024-04-24,Aouda,LateApril,2024-04-24,Wednesday,2024-05-01,7,BOS,DUB,Dublin,Delta Air Lines Inc.,4802.9,420.0,"DL, EI, UA"
OPA-2024-08-28,Aouda,LateAugust,2024-08-28,Wednesday,2024-09-02,5,BOS,MCO,Orlando,JetBlue Airways,1806.0,215.0,"B6, DL, FL, WN"
OPA-2024-09-11,Aouda,September,2024-09-11,Wednesday,2024-09-18,7,BOS,FCO,Rome,Delta Air Lines Inc.,6568.7,420.0,"AZ, DL"
OPA-2025-01-08,Aouda,January,2025-01-08,Wednesday,2025-01-15,7,BOS,LIS,Lisbon,TAP-TAP Air Portugal,5124.1,420.0,"S4, TP"
OPA-2025-03-05,Aouda,March,2025-03-05,Wednesday,2025-03-12,7,BOS,BCN,Barcelona,Iberia Air Lines Of Spain,5858.0,420.0,IB
OPA-2025-04-30,Aouda,LateApril,2025-04-30,Wednesday,2025-05-07,7,BOS,DUB,Dublin,Aer Lingus Plc,4802.9,420.0,"DL, EI, UA"
OPA-2025-08-27,Aouda,LateAugust,2025-08-27,Wednesday,2025-09-01,5,BOS,MCO,Orlando,Delta Air Lines Inc.,1806.0,215.0,"B6, DL, FL, WN"
OPA-2025-09-10,Aouda,September,2025-09-10,Wednesday,2025-09-17,7,BOS,FCO,Rome,Delta Air Lines Inc.,6568.7,420.0,"AZ, DL"
OPN-2021-01-13,Captain Nemo,January,2021-01-13,Wednesday,2021-01-20,7,MIA,MAD,Madrid,American Airlines Inc.,7107.3,420.0,"AA, AY, BA, IB, US, UX"
OPN-2021-04-28,Captain Nemo,LateApril,2021-04-28,Wednesday,2021-05-05,7,MIA,LIS,Lisbon,TAP-TAP Air Portugal,6677.2,420.0,"TP, UA"
OPN-2021-06-09,Captain Nemo,June,2021-06-09,Wednesday,2021-06-14,5,MIA,SJU,San Juan,American Airlines Inc.,1682.0,420.0,"AA, US"
OPN-2021-07-14,Captain Nemo,July,2021-07-14,Wednesday,2021-07-19,5,MIA,CUN,Cancun,American Airlines Inc.,855.0,420.0,"AA, LA, US"
OPN-2021-08-25,Captain Nemo,LateAugust,2021-08-25,Wednesday,2021-08-30,5,MIA,CHS,Charleston,American Airlines Inc.,790.5,215.0,"AA, US"
OPN-2022-01-12,Captain Nemo,January,2022-01-12,Wednesday,2022-01-19,7,MIA,MAD,Madrid,British Airways Plc,7107.3,420.0,"AA, AY, BA, IB, US, UX"
OPN-2022-04-27,Captain Nemo,LateApril,2022-04-27,Wednesday,2022-05-04,7,MIA,LIS,Lisbon,United Air Lines Inc.,6677.2,420.0,"TP, UA"
OPN-2022-06-08,Captain Nemo,June,2022-06-08,Wednesday,2022-06-13,5,MIA,SJU,San Juan,American Airlines Inc.,1682.0,420.0,"AA, US"
OPN-2022-07-13,Captain Nemo,July,2022-07-13,Wednesday,2022-07-18,5,MIA,CUN,Cancun,American Airlines Inc.,855.0,420.0,"AA, LA, US"
OPN-2022-08-31,Captain Nemo,LateAugust,2022-08-31,Wednesday,2022-09-05,5,MIA,CHS,Charleston,American Airlines Inc.,790.5,215.0,"AA, US"
OPN-2023-01-11,Captain Nemo,January,2023-01-11,Wednesday,2023-01-18,7,MIA,MAD,Madrid,Iberia Air Lines Of Spain,7107.3,420.0,"AA, AY, BA, IB, US, UX"
OPN-2023-04-26,Captain Nemo,LateApril,2023-04-26,Wednesday,2023-05-03,7,MIA,LIS,Lisbon,TAP-TAP Air Portugal,6677.2,420.0,"TP, UA"
OPN-2023-06-14,Captain Nemo,June,2023-06-14,Wednesday,2023-06-19,5,MIA,SJU,San Juan,American Airlines Inc.,1682.0,420.0,"AA, US"
OPN-2023-07-12,Captain Nemo,July,2023-07-12,Wednesday,2023-07-17,5,MIA,CUN,Cancun,American Airlines Inc.,855.0,420.0,"AA, LA, US"
OPN-2023-08-30,Captain Nemo,LateAugust,2023-08-30,Wednesday,2023-09-04,5,MIA,CHS,Charleston,American Airlines Inc.,790.5,215.0,"AA, US"
OPN-2024-01-10,Captain Nemo,January,2024-01-10,Wednesday,2024-01-17,7,MIA,MAD,Madrid,American Airlines Inc.,7107.3,420.0,"AA, AY, BA, IB, US, UX"
OPN-2024-04-24,Captain Nemo,LateApril,2024-04-24,Wednesday,2024-05-01,7,MIA,LIS,Lisbon,United Air Lines Inc.,6677.2,420.0,"TP, UA"
OPN-2024-06-12,Captain Nemo,June,2024-06-12,Wednesday,2024-06-17,5,MIA,SJU,San Juan,American Airlines Inc.,1682.0,420.0,"AA, US"
OPN-2024-07-10,Captain Nemo,July,2024-07-10,Wednesday,2024-07-15,5,MIA,CUN,Cancun,American Airlines Inc.,855.0,420.0,"AA, LA, US"
OPN-2024-08-28,Captain Nemo,LateAugust,2024-08-28,Wednesday,2024-09-02,5,MIA,CHS,Charleston,American Airlines Inc.,790.5,215.0,"AA, US"
OPN-2025-01-08,Captain Nemo,January,2025-01-08,Wednesday,2025-01-15,7,MIA,MAD,Madrid,British Airways Plc,7107.3,420.0,"AA, AY, BA, IB, US, UX"
OPN-2025-04-30,Captain Nemo,LateApril,2025-04-30,Wednesday,2025-05-07,7,MIA,LIS,Lisbon,TAP-TAP Air Portugal,6677.2,420.0,"TP, UA"
OPN-2025-06-11,Captain Nemo,June,2025-06-11,Wednesday,2025-06-16,5,MIA,SJU,San Juan,American Airlines Inc.,1682.0,420.0,"AA, US"
OPN-2025-07-09,Captain Nemo,July,2025-07-09,Wednesday,2025-07-14,5,MIA,CUN,Cancun,American Airlines Inc.,855.0,420.0,"AA, LA, US"
OPN-2025-08-27,Captain Nemo,LateAugust,2025-08-27,Wednesday,2025-09-01,5,MIA,CHS,Charleston,American Airlines Inc.,790.5,215.0,"AA, US"
OPH-2021-01-13,Helena Glenarvan,January,2021-01-13,Wednesday,2021-01-20,7,SEA,CDG,Paris,Compagnie Natl Air France,8049.2,420.0,"AF, AZ, DL"
OPH-2021-03-03,Helena Glenarvan,March,2021-03-03,Wednesday,2021-03-10,7,SEA,DUB,Dublin,Aer Lingus Plc,7283.4,420.0,EI
OPH-2021-04-28,Helena Glenarvan,LateApril,2021-04-28,Wednesday,2021-05-05,7,SEA,AMS,Amsterdam,Delta Air Lines Inc.,7840.0,420.0,"DL, KL"
OPH-2021-08-25,Helena Glenarvan,LateAugust,2021-08-25,Wednesday,2021-08-30,5,SEA,MCO,Orlando,American Airlines Inc.,4104.7,215.0,"AA, AS, DL"
OPH-2021-09-08,Helena Glenarvan,September,2021-09-08,Wednesday,2021-09-15,7,SEA,LHR,London,American Airlines Inc.,7702.1,420.0,"AA, AF, AY, BA, DL, IB, KL, VS"
OPH-2022-01-12,Helena Glenarvan,January,2022-01-12,Wednesday,2022-01-19,7,SEA,CDG,Paris,Delta Air Lines Inc.,8049.2,420.0,"AF, AZ, DL"
OPH-2022-03-02,Helena Glenarvan,March,2022-03-02,Wednesday,2022-03-09,7,SEA,DUB,Dublin,Aer Lingus Plc,7283.4,420.0,EI
OPH-2022-04-27,Helena Glenarvan,LateApril,2022-04-27,Wednesday,2022-05-04,7,SEA,AMS,Amsterdam,Klm Royal Dutch Airlines,7840.0,420.0,"DL, KL"
OPH-2022-08-31,Helena Glenarvan,LateAugust,2022-08-31,Wednesday,2022-09-05,5,SEA,MCO,Orlando,Alaska Airlines Inc.,4104.7,215.0,"AA, AS, DL"
OPH-2022-09-14,Helena Glenarvan,September,2022-09-14,Wednesday,2022-09-21,7,SEA,LHR,London,Compagnie Natl Air France,7702.1,420.0,"AA, AF, AY, BA, DL, IB, KL, VS"
OPH-2023-01-11,Helena Glenarvan,January,2023-01-11,Wednesday,2023-01-18,7,SEA,CDG,Paris,Compagnie Natl Air France,8049.2,420.0,"AF, AZ, DL"
OPH-2023-03-01,Helena Glenarvan,March,2023-03-01,Wednesday,2023-03-08,7,SEA,DUB,Dublin,Aer Lingus Plc,7283.4,420.0,EI
OPH-2023-04-26,Helena Glenarvan,LateApril,2023-04-26,Wednesday,2023-05-03,7,SEA,AMS,Amsterdam,Delta Air Lines Inc.,7840.0,420.0,"DL, KL"
OPH-2023-08-30,Helena Glenarvan,LateAugust,2023-08-30,Wednesday,2023-09-04,5,SEA,MCO,Orlando,Delta Air Lines Inc.,4104.7,215.0,"AA, AS, DL"
OPH-2023-09-13,Helena Glenarvan,September,2023-09-13,Wednesday,2023-09-20,7,SEA,LHR,London,British Airways Plc,7702.1,420.0,"AA, AF, AY, BA, DL, IB, KL, VS"
OPH-2024-01-10,Helena Glenarvan,January,2024-01-10,Wednesday,2024-01-17,7,SEA,CDG,Paris,Delta Air Lines Inc.,8049.2,420.0,"AF, AZ, DL"
OPH-2024-03-06,Helena Glenarvan,March,2024-03-06,Wednesday,2024-03-13,7,SEA,DUB,Dublin,Aer Lingus Plc,7283.4,420.0,EI
OPH-2024-04-24,Helena Glenarvan,LateApril,2024-04-24,Wednesday,2024-05-01,7,SEA,AMS,Amsterdam,Klm Royal Dutch Airlines,7840.0,420.0,"DL, KL"
OPH-2024-08-28,Helena Glenarvan,LateAugust,2024-08-28,Wednesday,2024-09-02,5,SEA,MCO,Orlando,American Airlines Inc.,4104.7,215.0,"AA, AS, DL"
OPH-2024-09-11,Helena Glenarvan,September,2024-09-11,Wednesday,2024-09-18,7,SEA,LHR,London,Delta Air Lines Inc.,7702.1,420.0,"AA, AF, AY, BA, DL, IB, KL, VS"
OPH-2025-01-08,Helena Glenarvan,January,2025-01-08,Wednesday,2025-01-15,7,SEA,CDG,Paris,Compagnie Natl Air France,8049.2,420.0,"AF, AZ, DL"
OPH-2025-03-05,Helena Glenarvan,March,2025-03-05,Wednesday,2025-03-12,7,SEA,DUB,Dublin,Aer Lingus Plc,7283.4,420.0,EI
OPH-2025-04-30,Helena Glenarvan,LateApril,2025-04-30,Wednesday,2025-05-07,7,SEA,AMS,Amsterdam,Delta Air Lines Inc.,7840.0,420.0,"DL, KL"
OPH-2025-08-27,Helena Glenarvan,LateAugust,2025-08-27,Wednesday,2025-09-01,5,SEA,MCO,Orlando,Alaska Airlines Inc.,4104.7,215.0,"AA, AS, DL"
OPH-2025-09-10,Helena Glenarvan,September,2025-09-10,Wednesday,2025-09-17,7,SEA,LHR,London,Iberia Air Lines Of Spain,7702.1,420.0,"AA, AF, AY, BA, DL, IB, KL, VS"
OPB-2021-01-13,Impey Barbicane,January,2021-01-13,Wednesday,2021-01-20,7,ATL,LHR,London,American Airlines Inc.,6760.8,420.0,"AA, AF, AY, BA, DL, IB, KL, VS"
OPB-2021-04-28,Impey Barbicane,LateApril,2021-04-28,Wednesday,2021-05-05,7,ATL,FCO,Rome,Compagnie Natl Air France,8085.4,420.0,"AF, AM, AZ, DL, KL"
OPB-2021-06-09,Impey Barbicane,June,2021-06-09,Wednesday,2021-06-14,5,ATL,MEX,Mexico City,Compagnie Natl Air France,2143.4,420.0,"AF, AM, AZ, DL, KL, VA, VS"
OPB-2021-07-14,Impey Barbicane,July,2021-07-14,Wednesday,2021-07-19,5,ATL,CUN,Cancun,Compagnie Natl Air France,1421.7,420.0,"AF, AM, AZ, DL, FL, KL, VA, VS, WN"
OPB-2021-08-25,Impey Barbicane,LateAugust,2021-08-25,Wednesday,2021-08-30,5,ATL,SJU,San Juan,Compagnie Natl Air France,2490.9,420.0,"AF, AZ, DL, F9, FL, KL, VS, WN"
OPB-2022-01-12,Impey Barbicane,January,2022-01-12,Wednesday,2022-01-19,7,ATL,LHR,London,Compagnie Natl Air France,6760.8,420.0,"AA, AF, AY, BA, DL, IB, KL, VS"
OPB-2022-04-27,Impey Barbicane,LateApril,2022-04-27,Wednesday,2022-05-04,7,ATL,FCO,Rome,Delta Air Lines Inc.,8085.4,420.0,"AF, AM, AZ, DL, KL"
OPB-2022-06-08,Impey Barbicane,June,2022-06-08,Wednesday,2022-06-13,5,ATL,MEX,Mexico City,Delta Air Lines Inc.,2143.4,420.0,"AF, AM, AZ, DL, KL, VA, VS"
OPB-2022-07-13,Impey Barbicane,July,2022-07-13,Wednesday,2022-07-18,5,ATL,CUN,Cancun,Delta Air Lines Inc.,1421.7,420.0,"AF, AM, AZ, DL, FL, KL, VA, VS, WN"
OPB-2022-08-31,Impey Barbicane,LateAugust,2022-08-31,Wednesday,2022-09-05,5,ATL,SJU,San Juan,Delta Air Lines Inc.,2490.9,420.0,"AF, AZ, DL, F9, FL, KL, VS, WN"
OPB-2023-01-11,Impey Barbicane,January,2023-01-11,Wednesday,2023-01-18,7,ATL,LHR,London,British Airways Plc,6760.8,420.0,"AA, AF, AY, BA, DL, IB, KL, VS"
OPB-2023-04-26,Impey Barbicane,LateApril,2023-04-26,Wednesday,2023-05-03,7,ATL,FCO,Rome,Klm Royal Dutch Airlines,8085.4,420.0,"AF, AM, AZ, DL, KL"
OPB-2023-06-14,Impey Barbicane,June,2023-06-14,Wednesday,2023-06-19,5,ATL,MEX,Mexico City,Klm Royal Dutch Airlines,2143.4,420.0,"AF, AM, AZ, DL, KL, VA, VS"
OPB-2023-07-12,Impey Barbicane,July,2023-07-12,Wednesday,2023-07-17,5,ATL,CUN,Cancun,Klm Royal Dutch Airlines,1421.7,420.0,"AF, AM, AZ, DL, FL, KL, VA, VS, WN"
OPB-2023-08-30,Impey Barbicane,LateAugust,2023-08-30,Wednesday,2023-09-04,5,ATL,SJU,San Juan,Frontier Airlines Inc.,2490.9,420.0,"AF, AZ, DL, F9, FL, KL, VS, WN"
OPB-2024-01-10,Impey Barbicane,January,2024-01-10,Wednesday,2024-01-17,7,ATL,LHR,London,Delta Air Lines Inc.,6760.8,420.0,"AA, AF, AY, BA, DL, IB, KL, VS"
OPB-2024-04-24,Impey Barbicane,LateApril,2024-04-24,Wednesday,2024-05-01,7,ATL,FCO,Rome,Compagnie Natl Air France,8085.4,420.0,"AF, AM, AZ, DL, KL"
OPB-2024-06-12,Impey Barbicane,June,2024-06-12,Wednesday,2024-06-17,5,ATL,MEX,Mexico City,Compagnie Natl Air France,2143.4,420.0,"AF, AM, AZ, DL, KL, VA, VS"
OPB-2024-07-10,Impey Barbicane,July,2024-07-10,Wednesday,2024-07-15,5,ATL,CUN,Cancun,Southwest Airlines Co.,1421.7,420.0,"AF, AM, AZ, DL, FL, KL, VA, VS, WN"
OPB-2024-08-28,Impey Barbicane,LateAugust,2024-08-28,Wednesday,2024-09-02,5,ATL,SJU,San Juan,Klm Royal Dutch Airlines,2490.9,420.0,"AF, AZ, DL, F9, FL, KL, VS, WN"
OPB-2025-01-08,Impey Barbicane,January,2025-01-08,Wednesday,2025-01-15,7,ATL,LHR,London,Iberia Air Lines Of Spain,6760.8,420.0,"AA, AF, AY, BA, DL, IB, KL, VS"
OPB-2025-04-30,Impey Barbicane,LateApril,2025-04-30,Wednesday,2025-05-07,7,ATL,FCO,Rome,Delta Air Lines Inc.,8085.4,420.0,"AF, AM, AZ, DL, KL"
OPB-2025-06-11,Impey Barbicane,June,2025-06-11,Wednesday,2025-06-16,5,ATL,MEX,Mexico City,Delta Air Lines Inc.,2143.4,420.0,"AF, AM, AZ, DL, KL, VA, VS"
OPB-2025-07-09,Impey Barbicane,July,2025-07-09,Wednesday,2025-07-14,5,ATL,CUN,Cancun,Compagnie Natl Air France,1421.7,420.0,"AF, AM, AZ, DL, FL, KL, VA, VS, WN"
OPB-2025-08-27,Impey Barbicane,LateAugust,2025-08-27,Wednesday,2025-09-01,5,ATL,SJU,San Juan,Southwest Airlines Co.,2490.9,420.0,"AF, AZ, DL, F9, FL, KL, VS, WN"
OPP-2021-01-13,Jean Passepartout,January,2021-01-13,Wednesday,2021-01-20,7,JFK,CDG,Paris,American Airlines Inc.,5833.7,420.0,"AA, AF, AY, AZ, BA, DL, EY, IB, QR, SE, US"
OPP-2021-03-03,Jean Passepartout,March,2021-03-03,Wednesday,2021-03-10,7,JFK,MAD,Madrid,American Airlines Inc.,5762.2,420.0,"AA, AF, AY, BA, DL, IB, KL, US, UX"
OPP-2021-04-28,Jean Passepartout,LateApril,2021-04-28,Wednesday,2021-05-05,7,JFK,AMS,Amsterdam,Delta Air Lines Inc.,5847.5,420.0,"DL, KL"
OPP-2021-05-26,Jean Passepartout,LateMay,2021-05-26,Wednesday,2021-06-02,7,JFK,VIE,Vienna,United Air Lines Inc.,6805.0,420.0,"OS, UA"
OPP-2021-08-25,Jean Passepartout,LateAugust,2021-08-25,Wednesday,2021-08-30,5,JFK,SJU,San Juan,American Airlines Inc.,2577.9,420.0,"AA, AY, B6, DL, US"
OPP-2022-01-12,Jean Passepartout,January,2022-01-12,Wednesday,2022-01-19,7,JFK,CDG,Paris,Compagnie Natl Air France,5833.7,420.0,"AA, AF, AY, AZ, BA, DL, EY, IB, QR, SE, US"
OPP-2022-03-02,Jean Passepartout,March,2022-03-02,Wednesday,2022-03-09,7,JFK,MAD,Madrid,Compagnie Natl Air France,5762.2,420.0,"AA, AF, AY, BA, DL, IB, KL, US, UX"
OPP-2022-04-27,Jean Passepartout,LateApril,2022-04-27,Wednesday,2022-05-04,7,JFK,AMS,Amsterdam,Klm Royal Dutch Airlines,5847.5,420.0,"DL, KL"
OPP-2022-05-25,Jean Passepartout,LateMay,2022-05-25,Wednesday,2022-06-01,7,JFK,VIE,Vienna,United Air Lines Inc.,6805.0,420.0,"OS, UA"
OPP-2022-08-31,Jean Passepartout,LateAugust,2022-08-31,Wednesday,2022-09-05,5,JFK,SJU,San Juan,JetBlue Airways,2577.9,420.0,"AA, AY, B6, DL, US"
OPP-2023-01-11,Jean Passepartout,January,2023-01-11,Wednesday,2023-01-18,7,JFK,CDG,Paris,British Airways Plc,5833.7,420.0,"AA, AF, AY, AZ, BA, DL, EY, IB, QR, SE, US"
OPP-2023-03-01,Jean Passepartout,March,2023-03-01,Wednesday,2023-03-08,7,JFK,MAD,Madrid,British Airways Plc,5762.2,420.0,"AA, AF, AY, BA, DL, IB, KL, US, UX"
OPP-2023-04-26,Jean Passepartout,LateApril,2023-04-26,Wednesday,2023-05-03,7,JFK,AMS,Amsterdam,Delta Air Lines Inc.,5847.5,420.0,"DL, KL"
OPP-2023-05-31,Jean Passepartout,LateMay,2023-05-31,Wednesday,2023-06-07,7,JFK,VIE,Vienna,United Air Lines Inc.,6805.0,420.0,"OS, UA"
OPP-2023-08-30,Jean Passepartout,LateAugust,2023-08-30,Wednesday,2023-09-04,5,JFK,SJU,San Juan,Delta Air Lines Inc.,2577.9,420.0,"AA, AY, B6, DL, US"
OPP-2024-01-10,Jean Passepartout,January,2024-01-10,Wednesday,2024-01-17,7,JFK,CDG,Paris,Delta Air Lines Inc.,5833.7,420.0,"AA, AF, AY, AZ, BA, DL, EY, IB, QR, SE, US"
OPP-2024-03-06,Jean Passepartout,March,2024-03-06,Wednesday,2024-03-13,7,JFK,MAD,Madrid,Delta Air Lines Inc.,5762.2,420.0,"AA, AF, AY, BA, DL, IB, KL, US, UX"
OPP-2024-04-24,Jean Passepartout,LateApril,2024-04-24,Wednesday,2024-05-01,7,JFK,AMS,Amsterdam,Klm Royal Dutch Airlines,5847.5,420.0,"DL, KL"
OPP-2024-05-29,Jean Passepartout,LateMay,2024-05-29,Wednesday,2024-06-05,7,JFK,VIE,Vienna,United Air Lines Inc.,6805.0,420.0,"OS, UA"
OPP-2024-08-28,Jean Passepartout,LateAugust,2024-08-28,Wednesday,2024-09-02,5,JFK,SJU,San Juan,American Airlines Inc.,2577.9,420.0,"AA, AY, B6, DL, US"
OPP-2025-01-08,Jean Passepartout,January,2025-01-08,Wednesday,2025-01-15,7,JFK,CDG,Paris,Iberia Air Lines Of Spain,5833.7,420.0,"AA, AF, AY, AZ, BA, DL, EY, IB, QR, SE, US"
OPP-2025-03-05,Jean Passepartout,March,2025-03-05,Wednesday,2025-03-12,7,JFK,MAD,Madrid,Iberia Air Lines Of Spain,5762.2,420.0,"AA, AF, AY, BA, DL, IB, KL, US, UX"
OPP-2025-04-30,Jean Passepartout,LateApril,2025-04-30,Wednesday,2025-05-07,7,JFK,AMS,Amsterdam,Delta Air Lines Inc.,5847.5,420.0,"DL, KL"
OPP-2025-05-28,Jean Passepartout,LateMay,2025-05-28,Wednesday,2025-06-04,7,JFK,VIE,Vienna,United Air Lines Inc.,6805.0,420.0,"OS, UA"
OPP-2025-08-27,Jean Passepartout,LateAugust,2025-08-27,Wednesday,2025-09-01,5,JFK,SJU,San Juan,JetBlue Airways,2577.9,420.0,"AA, AY, B6, DL, US"
OPG-2021-01-13,Mary Grant,January,2021-01-13,Wednesday,2021-01-20,7,PHL,BCN,Barcelona,American Airlines Inc.,6299.9,420.0,"AA, US"
OPG-2021-03-03,Mary Grant,March,2021-03-03,Wednesday,2021-03-10,7,PHL,LIS,Lisbon,American Airlines Inc.,5550.7,420.0,"AA, TP, US"
OPG-2021-06-09,Mary Grant,June,2021-06-09,Wednesday,2021-06-14,5,PHL,CUN,Cancun,American Airlines Inc.,2367.8,420.0,"AA, F9, US"
OPG-2021-07-14,Mary Grant,July,2021-07-14,Wednesday,2021-07-19,5,PHL,SJU,San Juan,American Airlines Inc.,2542.8,420.0,"AA, F9, US"
OPG-2021-08-25,Mary Grant,LateAugust,2021-08-25,Wednesday,2021-08-30,5,PHL,MCO,Orlando,American Airlines Inc.,1388.6,215.0,"AA, F9, FL, US, WN"
OPG-2022-01-12,Mary Grant,January,2022-01-12,Wednesday,2022-01-19,7,PHL,BCN,Barcelona,American Airlines Inc.,6299.9,420.0,"AA, US"
OPG-2022-03-02,Mary Grant,March,2022-03-02,Wednesday,2022-03-09,7,PHL,LIS,Lisbon,TAP-TAP Air Portugal,5550.7,420.0,"AA, TP, US"
OPG-2022-06-08,Mary Grant,June,2022-06-08,Wednesday,2022-06-13,5,PHL,CUN,Cancun,Frontier Airlines Inc.,2367.8,420.0,"AA, F9, US"
OPG-2022-07-13,Mary Grant,July,2022-07-13,Wednesday,2022-07-18,5,PHL,SJU,San Juan,Frontier Airlines Inc.,2542.8,420.0,"AA, F9, US"
OPG-2022-08-31,Mary Grant,LateAugust,2022-08-31,Wednesday,2022-09-05,5,PHL,MCO,Orlando,Frontier Airlines Inc.,1388.6,215.0,"AA, F9, FL, US, WN"
OPG-2023-01-11,Mary Grant,January,2023-01-11,Wednesday,2023-01-18,7,PHL,BCN,Barcelona,American Airlines Inc.,6299.9,420.0,"AA, US"
OPG-2023-03-01,Mary Grant,March,2023-03-01,Wednesday,2023-03-08,7,PHL,LIS,Lisbon,American Airlines Inc.,5550.7,420.0,"AA, TP, US"
OPG-2023-06-14,Mary Grant,June,2023-06-14,Wednesday,2023-06-19,5,PHL,CUN,Cancun,American Airlines Inc.,2367.8,420.0,"AA, F9, US"
OPG-2023-07-12,Mary Grant,July,2023-07-12,Wednesday,2023-07-17,5,PHL,SJU,San Juan,American Airlines Inc.,2542.8,420.0,"AA, F9, US"
OPG-2023-08-30,Mary Grant,LateAugust,2023-08-30,Wednesday,2023-09-04,5,PHL,MCO,Orlando,Southwest Airlines Co.,1388.6,215.0,"AA, F9, FL, US, WN"
OPG-2024-01-10,Mary Grant,January,2024-01-10,Wednesday,2024-01-17,7,PHL,BCN,Barcelona,American Airlines Inc.,6299.9,420.0,"AA, US"
OPG-2024-03-06,Mary Grant,March,2024-03-06,Wednesday,2024-03-13,7,PHL,LIS,Lisbon,TAP-TAP Air Portugal,5550.7,420.0,"AA, TP, US"
OPG-2024-06-12,Mary Grant,June,2024-06-12,Wednesday,2024-06-17,5,PHL,CUN,Cancun,Frontier Airlines Inc.,2367.8,420.0,"AA, F9, US"
OPG-2024-07-10,Mary Grant,July,2024-07-10,Wednesday,2024-07-15,5,PHL,SJU,San Juan,Frontier Airlines Inc.,2542.8,420.0,"AA, F9, US"
OPG-2024-08-28,Mary Grant,LateAugust,2024-08-28,Wednesday,2024-09-02,5,PHL,MCO,Orlando,American Airlines Inc.,1388.6,215.0,"AA, F9, FL, US, WN"
OPG-2025-01-08,Mary Grant,January,2025-01-08,Wednesday,2025-01-15,7,PHL,BCN,Barcelona,American Airlines Inc.,6299.9,420.0,"AA, US"
OPG-2025-03-05,Mary Grant,March,2025-03-05,Wednesday,2025-03-12,7,PHL,LIS,Lisbon,American Airlines Inc.,5550.7,420.0,"AA, TP, US"
OPG-2025-06-11,Mary Grant,June,2025-06-11,Wednesday,2025-06-16,5,PHL,CUN,Cancun,American Airlines Inc.,2367.8,420.0,"AA, F9, US"
OPG-2025-07-09,Mary Grant,July,2025-07-09,Wednesday,2025-07-14,5,PHL,SJU,San Juan,American Airlines Inc.,2542.8,420.0,"AA, F9, US"
OPG-2025-08-27,Mary Grant,LateAugust,2025-08-27,Wednesday,2025-09-01,5,PHL,MCO,Orlando,Frontier Airlines Inc.,1388.6,215.0,"AA, F9, FL, US, WN"
OPM-2021-01-13,Michel Ardan,January,2021-01-13,Wednesday,2021-01-20,7,DFW,CDG,Paris,American Airlines Inc.,7944.1,420.0,"AA, AF, AY, BA, IB, US"
OPM-2021-03-03,Michel Ardan,March,2021-03-03,Wednesday,2021-03-10,7,DFW,MAD,Madrid,American Airlines Inc.,7973.9,420.0,"AA, AY, BA, IB, US"
OPM-2021-04-28,Michel Ardan,LateApril,2021-04-28,Wednesday,2021-05-05,7,DFW,AMS,Amsterdam,Delta Air Lines Inc.,7900.1,420.0,"DL, KL"
OPM-2021-08-25,Michel Ardan,LateAugust,2021-08-25,Wednesday,2021-08-30,5,DFW,CUN,Cancun,American Airlines Inc.,1657.2,420.0,"AA, NK, SY, US"
OPM-2021-09-08,Michel Ardan,September,2021-09-08,Wednesday,2021-09-15,7,DFW,LHR,London,American Airlines Inc.,7627.2,420.0,"AA, AY, BA, IB, MH, US"
OPM-2022-01-12,Michel Ardan,January,2022-01-12,Wednesday,2022-01-19,7,DFW,CDG,Paris,Compagnie Natl Air France,7944.1,420.0,"AA, AF, AY, BA, IB, US"
OPM-2022-03-02,Michel Ardan,March,2022-03-02,Wednesday,2022-03-09,7,DFW,MAD,Madrid,British Airways Plc,7973.9,420.0,"AA, AY, BA, IB, US"
OPM-2022-04-27,Michel Ardan,LateApril,2022-04-27,Wednesday,2022-05-04,7,DFW,AMS,Amsterdam,Klm Royal Dutch Airlines,7900.1,420.0,"DL, KL"
OPM-2022-08-31,Michel Ardan,LateAugust,2022-08-31,Wednesday,2022-09-05,5,DFW,CUN,Cancun,Spirit Air Lines,1657.2,420.0,"AA, NK, SY, US"
OPM-2022-09-14,Michel Ardan,September,2022-09-14,Wednesday,2022-09-21,7,DFW,LHR,London,British Airways Plc,7627.2,420.0,"AA, AY, BA, IB, MH, US"
OPM-2023-01-11,Michel Ardan,January,2023-01-11,Wednesday,2023-01-18,7,DFW,CDG,Paris,British Airways Plc,7944.1,420.0,"AA, AF, AY, BA, IB, US"
OPM-2023-03-01,Michel Ardan,March,2023-03-01,Wednesday,2023-03-08,7,DFW,MAD,Madrid,Iberia Air Lines Of Spain,7973.9,420.0,"AA, AY, BA, IB, US"
OPM-2023-04-26,Michel Ardan,LateApril,2023-04-26,Wednesday,2023-05-03,7,DFW,AMS,Amsterdam,Delta Air Lines Inc.,7900.1,420.0,"DL, KL"
OPM-2023-08-30,Michel Ardan,LateAugust,2023-08-30,Wednesday,2023-09-04,5,DFW,CUN,Cancun,American Airlines Inc.,1657.2,420.0,"AA, NK, SY, US"
OPM-2023-09-13,Michel Ardan,September,2023-09-13,Wednesday,2023-09-20,7,DFW,LHR,London,Iberia Air Lines Of Spain,7627.2,420.0,"AA, AY, BA, IB, MH, US"
OPM-2024-01-10,Michel Ardan,January,2024-01-10,Wednesday,2024-01-17,7,DFW,CDG,Paris,Iberia Air Lines Of Spain,7944.1,420.0,"AA, AF, AY, BA, IB, US"
OPM-2024-03-06,Michel Ardan,March,2024-03-06,Wednesday,2024-03-13,7,DFW,MAD,Madrid,American Airlines Inc.,7973.9,420.0,"AA, AY, BA, IB, US"
OPM-2024-04-24,Michel Ardan,LateApril,2024-04-24,Wednesday,2024-05-01,7,DFW,AMS,Amsterdam,Klm Royal Dutch Airlines,7900.1,420.0,"DL, KL"
OPM-2024-08-28,Michel Ardan,LateAugust,2024-08-28,Wednesday,2024-09-02,5,DFW,CUN,Cancun,Spirit Air Lines,1657.2,420.0,"AA, NK, SY, US"
OPM-2024-09-11,Michel Ardan,September,2024-09-11,Wednesday,2024-09-18,7,DFW,LHR,London,American Airlines Inc.,7627.2,420.0,"AA, AY, BA, IB, MH, US"
OPM-2025-01-08,Michel Ardan,January,2025-01-08,Wednesday,2025-01-15,7,DFW,CDG,Paris,American Airlines Inc.,7944.1,420.0,"AA, AF, AY, BA, IB, US"
OPM-2025-03-05,Michel Ardan,March,2025-03-05,Wednesday,2025-03-12,7,DFW,MAD,Madrid,British Airways Plc,7973.9,420.0,"AA, AY, BA, IB, US"
OPM-2025-04-30,Michel Ardan,LateApril,2025-04-30,Wednesday,2025-05-07,7,DFW,AMS,Amsterdam,Delta Air Lines Inc.,7900.1,420.0,"DL, KL"
OPM-2025-08-27,Michel Ardan,LateAugust,2025-08-27,Wednesday,2025-09-01,5,DFW,CUN,Cancun,American Airlines Inc.,1657.2,420.0,"AA, NK, SY, US"
OPM-2025-09-10,Michel Ardan,September,2025-09-10,Wednesday,2025-09-17,7,DFW,LHR,London,British Airways Plc,7627.2,420.0,"AA, AY, BA, IB, MH, US"
OPD-2021-01-13,Nadia Fedor,January,2021-01-13,Wednesday,2021-01-20,7,DEN,LHR,London,American Airlines Inc.,7496.5,420.0,"AA, AY, BA, IB, UA"
OPD-2021-04-28,Nadia Fedor,LateApril,2021-04-28,Wednesday,2021-05-05,7,DEN,KEF,Keflavik,Icelandair,5727.0,420.0,FI
OPD-2021-06-09,Nadia Fedor,June,2021-06-09,Wednesday,2021-06-14,5,DEN,MEX,Mexico City,United Air Lines Inc.,2333.5,420.0,"UA, Y4"
OPD-2021-07-14,Nadia Fedor,July,2021-07-14,Wednesday,2021-07-19,5,DEN,CUN,Cancun,Frontier Airlines Inc.,2689.3,420.0,"F9, FL, UA, WN"
OPD-2021-08-25,Nadia Fedor,LateAugust,2021-08-25,Wednesday,2021-08-30,5,DEN,MCO,Orlando,Frontier Airlines Inc.,2486.3,215.0,"F9, FL, NK, UA, WN"
OPD-2022-01-12,Nadia Fedor,January,2022-01-12,Wednesday,2022-01-19,7,DEN,LHR,London,British Airways Plc,7496.5,420.0,"AA, AY, BA, IB, UA"
OPD-2022-04-27,Nadia Fedor,LateApril,2022-04-27,Wednesday,2022-05-04,7,DEN,KEF,Keflavik,Icelandair,5727.0,420.0,FI
OPD-2022-06-08,Nadia Fedor,June,2022-06-08,Wednesday,2022-06-13,5,DEN,MEX,Mexico City,United Air Lines Inc.,2333.5,420.0,"UA, Y4"
OPD-2022-07-13,Nadia Fedor,July,2022-07-13,Wednesday,2022-07-18,5,DEN,CUN,Cancun,United Air Lines Inc.,2689.3,420.0,"F9, FL, UA, WN"
OPD-2022-08-31,Nadia Fedor,LateAugust,2022-08-31,Wednesday,2022-09-05,5,DEN,MCO,Orlando,Spirit Air Lines,2486.3,215.0,"F9, FL, NK, UA, WN"
OPD-2023-01-11,Nadia Fedor,January,2023-01-11,Wednesday,2023-01-18,7,DEN,LHR,London,Iberia Air Lines Of Spain,7496.5,420.0,"AA, AY, BA, IB, UA"
OPD-2023-04-26,Nadia Fedor,LateApril,2023-04-26,Wednesday,2023-05-03,7,DEN,KEF,Keflavik,Icelandair,5727.0,420.0,FI
OPD-2023-06-14,Nadia Fedor,June,2023-06-14,Wednesday,2023-06-19,5,DEN,MEX,Mexico City,United Air Lines Inc.,2333.5,420.0,"UA, Y4"
OPD-2023-07-12,Nadia Fedor,July,2023-07-12,Wednesday,2023-07-17,5,DEN,CUN,Cancun,Southwest Airlines Co.,2689.3,420.0,"F9, FL, UA, WN"
OPD-2023-08-30,Nadia Fedor,LateAugust,2023-08-30,Wednesday,2023-09-04,5,DEN,MCO,Orlando,United Air Lines Inc.,2486.3,215.0,"F9, FL, NK, UA, WN"
OPD-2024-01-10,Nadia Fedor,January,2024-01-10,Wednesday,2024-01-17,7,DEN,LHR,London,United Air Lines Inc.,7496.5,420.0,"AA, AY, BA, IB, UA"
OPD-2024-04-24,Nadia Fedor,LateApril,2024-04-24,Wednesday,2024-05-01,7,DEN,KEF,Keflavik,Icelandair,5727.0,420.0,FI
OPD-2024-06-12,Nadia Fedor,June,2024-06-12,Wednesday,2024-06-17,5,DEN,MEX,Mexico City,United Air Lines Inc.,2333.5,420.0,"UA, Y4"
OPD-2024-07-10,Nadia Fedor,July,2024-07-10,Wednesday,2024-07-15,5,DEN,CUN,Cancun,Frontier Airlines Inc.,2689.3,420.0,"F9, FL, UA, WN"
OPD-2024-08-28,Nadia Fedor,LateAugust,2024-08-28,Wednesday,2024-09-02,5,DEN,MCO,Orlando,Southwest Airlines Co.,2486.3,215.0,"F9, FL, NK, UA, WN"
OPD-2025-01-08,Nadia Fedor,January,2025-01-08,Wednesday,2025-01-15,7,DEN,LHR,London,American Airlines Inc.,7496.5,420.0,"AA, AY, BA, IB, UA"
OPD-2025-04-30,Nadia Fedor,LateApril,2025-04-30,Wednesday,2025-05-07,7,DEN,KEF,Keflavik,Icelandair,5727.0,420.0,FI
OPD-2025-06-11,Nadia Fedor,June,2025-06-11,Wednesday,2025-06-16,5,DEN,MEX,Mexico City,United Air Lines Inc.,2333.5,420.0,"UA, Y4"
OPD-2025-07-09,Nadia Fedor,July,2025-07-09,Wednesday,2025-07-14,5,DEN,CUN,Cancun,United Air Lines Inc.,2689.3,420.0,"F9, FL, UA, WN"
OPD-2025-08-27,Nadia Fedor,LateAugust,2025-08-27,Wednesday,2025-09-01,5,DEN,MCO,Orlando,Frontier Airlines Inc.,2486.3,215.0,"F9, FL, NK, UA, WN"
OPL-2021-01-13,Ned Land,January,2021-01-13,Wednesday,2021-01-20,7,SFO,CDG,Paris,Compagnie Natl Air France,8962.2,420.0,"AF, AZ, DL, UA"
OPL-2021-03-03,Ned Land,March,2021-03-03,Wednesday,2021-03-10,7,SFO,NRT,Tokyo,United Air Lines Inc.,8227.6,420.0,"JL, NH, UA"
OPL-2021-04-28,Ned Land,LateApril,2021-04-28,Wednesday,2021-05-05,7,SFO,BCN,Barcelona,Iberia Air Lines Of Spain,9585.6,420.0,IB
OPL-2021-05-26,Ned Land,LateMay,2021-05-26,Wednesday,2021-06-02,7,SFO,LIS,Lisbon,TAP-TAP Air Portugal,9121.1,420.0,TP
OPL-2021-08-25,Ned Land,LateAugust,2021-08-25,Wednesday,2021-08-30,5,SFO,CUN,Cancun,United Air Lines Inc.,3871.2,420.0,"UA, VX"
OPL-2022-01-12,Ned Land,January,2022-01-12,Wednesday,2022-01-19,7,SFO,CDG,Paris,Delta Air Lines Inc.,8962.2,420.0,"AF, AZ, DL, UA"
OPL-2022-03-02,Ned Land,March,2022-03-02,Wednesday,2022-03-09,7,SFO,NRT,Tokyo,United Air Lines Inc.,8227.6,420.0,"JL, NH, UA"
OPL-2022-04-27,Ned Land,LateApril,2022-04-27,Wednesday,2022-05-04,7,SFO,BCN,Barcelona,Iberia Air Lines Of Spain,9585.6,420.0,IB
OPL-2022-05-25,Ned Land,LateMay,2022-05-25,Wednesday,2022-06-01,7,SFO,LIS,Lisbon,TAP-TAP Air Portugal,9121.1,420.0,TP
OPL-2022-08-31,Ned Land,LateAugust,2022-08-31,Wednesday,2022-09-05,5,SFO,CUN,Cancun,United Air Lines Inc.,3871.2,420.0,"UA, VX"
OPL-2023-01-11,Ned Land,January,2023-01-11,Wednesday,2023-01-18,7,SFO,CDG,Paris,United Air Lines Inc.,8962.2,420.0,"AF, AZ, DL, UA"
OPL-2023-03-01,Ned Land,March,2023-03-01,Wednesday,2023-03-08,7,SFO,NRT,Tokyo,United Air Lines Inc.,8227.6,420.0,"JL, NH, UA"
OPL-2023-04-26,Ned Land,LateApril,2023-04-26,Wednesday,2023-05-03,7,SFO,BCN,Barcelona,Iberia Air Lines Of Spain,9585.6,420.0,IB
OPL-2023-05-31,Ned Land,LateMay,2023-05-31,Wednesday,2023-06-07,7,SFO,LIS,Lisbon,TAP-TAP Air Portugal,9121.1,420.0,TP
OPL-2023-08-30,Ned Land,LateAugust,2023-08-30,Wednesday,2023-09-04,5,SFO,CUN,Cancun,United Air Lines Inc.,3871.2,420.0,"UA, VX"
OPL-2024-01-10,Ned Land,January,2024-01-10,Wednesday,2024-01-17,7,SFO,CDG,Paris,Compagnie Natl Air France,8962.2,420.0,"AF, AZ, DL, UA"
OPL-2024-03-06,Ned Land,March,2024-03-06,Wednesday,2024-03-13,7,SFO,NRT,Tokyo,United Air Lines Inc.,8227.6,420.0,"JL, NH, UA"
OPL-2024-04-24,Ned Land,LateApril,2024-04-24,Wednesday,2024-05-01,7,SFO,BCN,Barcelona,Iberia Air Lines Of Spain,9585.6,420.0,IB
OPL-2024-05-29,Ned Land,LateMay,2024-05-29,Wednesday,2024-06-05,7,SFO,LIS,Lisbon,TAP-TAP Air Portugal,9121.1,420.0,TP
OPL-2024-08-28,Ned Land,LateAugust,2024-08-28,Wednesday,2024-09-02,5,SFO,CUN,Cancun,United Air Lines Inc.,3871.2,420.0,"UA, VX"
OPL-2025-01-08,Ned Land,January,2025-01-08,Wednesday,2025-01-15,7,SFO,CDG,Paris,Delta Air Lines Inc.,8962.2,420.0,"AF, AZ, DL, UA"
OPL-2025-03-05,Ned Land,March,2025-03-05,Wednesday,2025-03-12,7,SFO,NRT,Tokyo,United Air Lines Inc.,8227.6,420.0,"JL, NH, UA"
OPL-2025-04-30,Ned Land,LateApril,2025-04-30,Wednesday,2025-05-07,7,SFO,BCN,Barcelona,Iberia Air Lines Of Spain,9585.6,420.0,IB
OPL-2025-05-28,Ned Land,LateMay,2025-05-28,Wednesday,2025-06-04,7,SFO,LIS,Lisbon,TAP-TAP Air Portugal,9121.1,420.0,TP
OPL-2025-08-27,Ned Land,LateAugust,2025-08-27,Wednesday,2025-09-01,5,SFO,CUN,Cancun,United Air Lines Inc.,3871.2,420.0,"UA, VX"
OPO-2021-01-13,Otto Lidenbrock,January,2021-01-13,Wednesday,2021-01-20,7,ORD,CPH,Copenhagen,Scandinavian Airlines Sys.,6853.7,420.0,SK
OPO-2021-03-03,Otto Lidenbrock,March,2021-03-03,Wednesday,2021-03-10,7,ORD,LHR,London,American Airlines Inc.,6343.8,420.0,"AA, AY, BA, DL, IB, LH, UA, US, VS"
OPO-2021-04-28,Otto Lidenbrock,LateApril,2021-04-28,Wednesday,2021-05-05,7,ORD,AMS,Amsterdam,Delta Air Lines Inc.,6611.9,420.0,"DL, KL, LH, QR, UA"
OPO-2021-07-14,Otto Lidenbrock,July,2021-07-14,Wednesday,2021-07-19,5,ORD,CUN,Cancun,American Airlines Inc.,2330.6,420.0,"AA, F9, NK, UA, US"
OPO-2021-09-08,Otto Lidenbrock,September,2021-09-08,Wednesday,2021-09-15,7,ORD,FCO,Rome,American Airlines Inc.,7741.6,420.0,"AA, AY, AZ, BA, DL, IB, US"
OPO-2022-01-12,Otto Lidenbrock,January,2022-01-12,Wednesday,2022-01-19,7,ORD,CPH,Copenhagen,Scandinavian Airlines Sys.,6853.7,420.0,SK
OPO-2022-03-02,Otto Lidenbrock,March,2022-03-02,Wednesday,2022-03-09,7,ORD,LHR,London,British Airways Plc,6343.8,420.0,"AA, AY, BA, DL, IB, LH, UA, US, VS"
OPO-2022-04-27,Otto Lidenbrock,LateApril,2022-04-27,Wednesday,2022-05-04,7,ORD,AMS,Amsterdam,Klm Royal Dutch Airlines,6611.9,420.0,"DL, KL, LH, QR, UA"
OPO-2022-07-13,Otto Lidenbrock,July,2022-07-13,Wednesday,2022-07-18,5,ORD,CUN,Cancun,Frontier Airlines Inc.,2330.6,420.0,"AA, F9, NK, UA, US"
OPO-2022-09-14,Otto Lidenbrock,September,2022-09-14,Wednesday,2022-09-21,7,ORD,FCO,Rome,British Airways Plc,7741.6,420.0,"AA, AY, AZ, BA, DL, IB, US"
OPO-2023-01-11,Otto Lidenbrock,January,2023-01-11,Wednesday,2023-01-18,7,ORD,CPH,Copenhagen,Scandinavian Airlines Sys.,6853.7,420.0,SK
OPO-2023-03-01,Otto Lidenbrock,March,2023-03-01,Wednesday,2023-03-08,7,ORD,LHR,London,Delta Air Lines Inc.,6343.8,420.0,"AA, AY, BA, DL, IB, LH, UA, US, VS"
OPO-2023-04-26,Otto Lidenbrock,LateApril,2023-04-26,Wednesday,2023-05-03,7,ORD,AMS,Amsterdam,Lufthansa German Airlines,6611.9,420.0,"DL, KL, LH, QR, UA"
OPO-2023-07-12,Otto Lidenbrock,July,2023-07-12,Wednesday,2023-07-17,5,ORD,CUN,Cancun,Spirit Air Lines,2330.6,420.0,"AA, F9, NK, UA, US"
OPO-2023-09-13,Otto Lidenbrock,September,2023-09-13,Wednesday,2023-09-20,7,ORD,FCO,Rome,Delta Air Lines Inc.,7741.6,420.0,"AA, AY, AZ, BA, DL, IB, US"
OPO-2024-01-10,Otto Lidenbrock,January,2024-01-10,Wednesday,2024-01-17,7,ORD,CPH,Copenhagen,Scandinavian Airlines Sys.,6853.7,420.0,SK
OPO-2024-03-06,Otto Lidenbrock,March,2024-03-06,Wednesday,2024-03-13,7,ORD,LHR,London,Iberia Air Lines Of Spain,6343.8,420.0,"AA, AY, BA, DL, IB, LH, UA, US, VS"
OPO-2024-04-24,Otto Lidenbrock,LateApril,2024-04-24,Wednesday,2024-05-01,7,ORD,AMS,Amsterdam,United Air Lines Inc.,6611.9,420.0,"DL, KL, LH, QR, UA"
OPO-2024-07-10,Otto Lidenbrock,July,2024-07-10,Wednesday,2024-07-15,5,ORD,CUN,Cancun,United Air Lines Inc.,2330.6,420.0,"AA, F9, NK, UA, US"
OPO-2024-09-11,Otto Lidenbrock,September,2024-09-11,Wednesday,2024-09-18,7,ORD,FCO,Rome,Iberia Air Lines Of Spain,7741.6,420.0,"AA, AY, AZ, BA, DL, IB, US"
OPO-2025-01-08,Otto Lidenbrock,January,2025-01-08,Wednesday,2025-01-15,7,ORD,CPH,Copenhagen,Scandinavian Airlines Sys.,6853.7,420.0,SK
OPO-2025-03-05,Otto Lidenbrock,March,2025-03-05,Wednesday,2025-03-12,7,ORD,LHR,London,Lufthansa German Airlines,6343.8,420.0,"AA, AY, BA, DL, IB, LH, UA, US, VS"
OPO-2025-04-30,Otto Lidenbrock,LateApril,2025-04-30,Wednesday,2025-05-07,7,ORD,AMS,Amsterdam,Delta Air Lines Inc.,6611.9,420.0,"DL, KL, LH, QR, UA"
OPO-2025-07-09,Otto Lidenbrock,July,2025-07-09,Wednesday,2025-07-14,5,ORD,CUN,Cancun,American Airlines Inc.,2330.6,420.0,"AA, F9, NK, UA, US"
OPO-2025-09-10,Otto Lidenbrock,September,2025-09-10,Wednesday,2025-09-17,7,ORD,FCO,Rome,American Airlines Inc.,7741.6,420.0,"AA, AY, AZ, BA, DL, IB, US"
OPF-2021-01-13,Phileas Fogg,January,2021-01-13,Wednesday,2021-01-20,7,JFK,LHR,London,American Airlines Inc.,5539.7,420.0,"AA, AF, AI, AY, BA, DL, IB, KL, KU, MH, US, VS"
OPF-2021-03-03,Phileas Fogg,March,2021-03-03,Wednesday,2021-03-10,7,JFK,FCO,Rome,American Airlines Inc.,6865.7,420.0,"AA, AY, AZ, BA, DL, IB, US"
OPF-2021-04-28,Phileas Fogg,LateApril,2021-04-28,Wednesday,2021-05-05,7,JFK,CDG,Paris,American Airlines Inc.,5833.7,420.0,"AA, AF, AY, AZ, BA, DL, EY, IB, QR, SE, US"
OPF-2021-08-25,Phileas Fogg,LateAugust,2021-08-25,Wednesday,2021-08-30,5,JFK,MCO,Orlando,American Airlines Inc.,1521.4,215.0,"AA, B6, DL, US"
OPF-2021-09-08,Phileas Fogg,September,2021-09-08,Wednesday,2021-09-15,7,JFK,ATH,Athens,Delta Air Lines Inc.,7932.5,420.0,DL
OPF-2022-01-12,Phileas Fogg,January,2022-01-12,Wednesday,2022-01-19,7,JFK,LHR,London,Compagnie Natl Air France,5539.7,420.0,"AA, AF, AI, AY, BA, DL, IB, KL, KU, MH, US, VS"
OPF-2022-03-02,Phileas Fogg,March,2022-03-02,Wednesday,2022-03-09,7,JFK,FCO,Rome,British Airways Plc,6865.7,420.0,"AA, AY, AZ, BA, DL, IB, US"
OPF-2022-04-27,Phileas Fogg,LateApril,2022-04-27,Wednesday,2022-05-04,7,JFK,CDG,Paris,Compagnie Natl Air France,5833.7,420.0,"AA, AF, AY, AZ, BA, DL, EY, IB, QR, SE, US"
OPF-2022-08-31,Phileas Fogg,LateAugust,2022-08-31,Wednesday,2022-09-05,5,JFK,MCO,Orlando,JetBlue Airways,1521.4,215.0,"AA, B6, DL, US"
OPF-2022-09-14,Phileas Fogg,September,2022-09-14,Wednesday,2022-09-21,7,JFK,ATH,Athens,Delta Air Lines Inc.,7932.5,420.0,DL
OPF-2023-01-11,Phileas Fogg,January,2023-01-11,Wednesday,2023-01-18,7,JFK,LHR,London,British Airways Plc,5539.7,420.0,"AA, AF, AI, AY, BA, DL, IB, KL, KU, MH, US, VS"
OPF-2023-03-01,Phileas Fogg,March,2023-03-01,Wednesday,2023-03-08,7,JFK,FCO,Rome,Delta Air Lines Inc.,6865.7,420.0,"AA, AY, AZ, BA, DL, IB, US"
OPF-2023-04-26,Phileas Fogg,LateApril,2023-04-26,Wednesday,2023-05-03,7,JFK,CDG,Paris,British Airways Plc,5833.7,420.0,"AA, AF, AY, AZ, BA, DL, EY, IB, QR, SE, US"
OPF-2023-08-30,Phileas Fogg,LateAugust,2023-08-30,Wednesday,2023-09-04,5,JFK,MCO,Orlando,Delta Air Lines Inc.,1521.4,215.0,"AA, B6, DL, US"
OPF-2023-09-13,Phileas Fogg,September,2023-09-13,Wednesday,2023-09-20,7,JFK,ATH,Athens,Delta Air Lines Inc.,7932.5,420.0,DL
OPF-2024-01-10,Phileas Fogg,January,2024-01-10,Wednesday,2024-01-17,7,JFK,LHR,London,Delta Air Lines Inc.,5539.7,420.0,"AA, AF, AI, AY, BA, DL, IB, KL, KU, MH, US, VS"
OPF-2024-03-06,Phileas Fogg,March,2024-03-06,Wednesday,2024-03-13,7,JFK,FCO,Rome,Iberia Air Lines Of Spain,6865.7,420.0,"AA, AY, AZ, BA, DL, IB, US"
OPF-2024-04-24,Phileas Fogg,LateApril,2024-04-24,Wednesday,2024-05-01,7,JFK,CDG,Paris,Delta Air Lines Inc.,5833.7,420.0,"AA, AF, AY, AZ, BA, DL, EY, IB, QR, SE, US"
OPF-2024-08-28,Phileas Fogg,LateAugust,2024-08-28,Wednesday,2024-09-02,5,JFK,MCO,Orlando,American Airlines Inc.,1521.4,215.0,"AA, B6, DL, US"
OPF-2024-09-11,Phileas Fogg,September,2024-09-11,Wednesday,2024-09-18,7,JFK,ATH,Athens,Delta Air Lines Inc.,7932.5,420.0,DL
OPF-2025-01-08,Phileas Fogg,January,2025-01-08,Wednesday,2025-01-15,7,JFK,LHR,London,Iberia Air Lines Of Spain,5539.7,420.0,"AA, AF, AI, AY, BA, DL, IB, KL, KU, MH, US, VS"
OPF-2025-03-05,Phileas Fogg,March,2025-03-05,Wednesday,2025-03-12,7,JFK,FCO,Rome,American Airlines Inc.,6865.7,420.0,"AA, AY, AZ, BA, DL, IB, US"
OPF-2025-04-30,Phileas Fogg,LateApril,2025-04-30,Wednesday,2025-05-07,7,JFK,CDG,Paris,Iberia Air Lines Of Spain,5833.7,420.0,"AA, AF, AY, AZ, BA, DL, EY, IB, QR, SE, US"
OPF-2025-08-27,Phileas Fogg,LateAugust,2025-08-27,Wednesday,2025-09-01,5,JFK,MCO,Orlando,JetBlue Airways,1521.4,215.0,"AA, B6, DL, US"
OPF-2025-09-10,Phileas Fogg,September,2025-09-10,Wednesday,2025-09-17,7,JFK,ATH,Athens,Delta Air Lines Inc.,7932.5,420.0,DL
OPR-2021-01-13,Pierre Aronnax,January,2021-01-13,Wednesday,2021-01-20,7,BOS,CPH,Copenhagen,Scandinavian Airlines Sys.,5890.4,420.0,SK
OPR-2021-03-03,Pierre Aronnax,March,2021-03-03,Wednesday,2021-03-10,7,BOS,KEF,Keflavik,Icelandair,3874.2,420.0,FI
OPR-2021-05-26,Pierre Aronnax,LateMay,2021-05-26,Wednesday,2021-06-02,7,BOS,MAD,Madrid,American Airlines Inc.,5474.4,420.0,"AA, AY, BA, IB"
OPR-2021-07-14,Pierre Aronnax,July,2021-07-14,Wednesday,2021-07-19,5,BOS,CUN,Cancun,American Airlines Inc.,2796.2,420.0,"AA, AM, B6, DL, US"
OPR-2021-08-25,Pierre Aronnax,LateAugust,2021-08-25,Wednesday,2021-08-30,5,BOS,MCO,Orlando,JetBlue Airways,1806.0,215.0,"B6, DL, FL, WN"
OPR-2022-01-12,Pierre Aronnax,January,2022-01-12,Wednesday,2022-01-19,7,BOS,CPH,Copenhagen,Scandinavian Airlines Sys.,5890.4,420.0,SK
OPR-2022-03-02,Pierre Aronnax,March,2022-03-02,Wednesday,2022-03-09,7,BOS,KEF,Keflavik,Icelandair,3874.2,420.0,FI
OPR-2022-05-25,Pierre Aronnax,LateMay,2022-05-25,Wednesday,2022-06-01,7,BOS,MAD,Madrid,British Airways Plc,5474.4,420.0,"AA, AY, BA, IB"
OPR-2022-07-13,Pierre Aronnax,July,2022-07-13,Wednesday,2022-07-18,5,BOS,CUN,Cancun,JetBlue Airways,2796.2,420.0,"AA, AM, B6, DL, US"
OPR-2022-08-31,Pierre Aronnax,LateAugust,2022-08-31,Wednesday,2022-09-05,5,BOS,MCO,Orlando,Delta Air Lines Inc.,1806.0,215.0,"B6, DL, FL, WN"
OPR-2023-01-11,Pierre Aronnax,January,2023-01-11,Wednesday,2023-01-18,7,BOS,CPH,Copenhagen,Scandinavian Airlines Sys.,5890.4,420.0,SK
OPR-2023-03-01,Pierre Aronnax,March,2023-03-01,Wednesday,2023-03-08,7,BOS,KEF,Keflavik,Icelandair,3874.2,420.0,FI
OPR-2023-05-31,Pierre Aronnax,LateMay,2023-05-31,Wednesday,2023-06-07,7,BOS,MAD,Madrid,Iberia Air Lines Of Spain,5474.4,420.0,"AA, AY, BA, IB"
OPR-2023-07-12,Pierre Aronnax,July,2023-07-12,Wednesday,2023-07-17,5,BOS,CUN,Cancun,Delta Air Lines Inc.,2796.2,420.0,"AA, AM, B6, DL, US"
OPR-2023-08-30,Pierre Aronnax,LateAugust,2023-08-30,Wednesday,2023-09-04,5,BOS,MCO,Orlando,Southwest Airlines Co.,1806.0,215.0,"B6, DL, FL, WN"
OPR-2024-01-10,Pierre Aronnax,January,2024-01-10,Wednesday,2024-01-17,7,BOS,CPH,Copenhagen,Scandinavian Airlines Sys.,5890.4,420.0,SK
OPR-2024-03-06,Pierre Aronnax,March,2024-03-06,Wednesday,2024-03-13,7,BOS,KEF,Keflavik,Icelandair,3874.2,420.0,FI
OPR-2024-05-29,Pierre Aronnax,LateMay,2024-05-29,Wednesday,2024-06-05,7,BOS,MAD,Madrid,American Airlines Inc.,5474.4,420.0,"AA, AY, BA, IB"
OPR-2024-07-10,Pierre Aronnax,July,2024-07-10,Wednesday,2024-07-15,5,BOS,CUN,Cancun,American Airlines Inc.,2796.2,420.0,"AA, AM, B6, DL, US"
OPR-2024-08-28,Pierre Aronnax,LateAugust,2024-08-28,Wednesday,2024-09-02,5,BOS,MCO,Orlando,JetBlue Airways,1806.0,215.0,"B6, DL, FL, WN"
OPR-2025-01-08,Pierre Aronnax,January,2025-01-08,Wednesday,2025-01-15,7,BOS,CPH,Copenhagen,Scandinavian Airlines Sys.,5890.4,420.0,SK
OPR-2025-03-05,Pierre Aronnax,March,2025-03-05,Wednesday,2025-03-12,7,BOS,KEF,Keflavik,Icelandair,3874.2,420.0,FI
OPR-2025-05-28,Pierre Aronnax,LateMay,2025-05-28,Wednesday,2025-06-04,7,BOS,MAD,Madrid,British Airways Plc,5474.4,420.0,"AA, AY, BA, IB"
OPR-2025-07-09,Pierre Aronnax,July,2025-07-09,Wednesday,2025-07-14,5,BOS,CUN,Cancun,JetBlue Airways,2796.2,420.0,"AA, AM, B6, DL, US"
OPR-2025-08-27,Pierre Aronnax,LateAugust,2025-08-27,Wednesday,2025-09-01,5,BOS,MCO,Orlando,Delta Air Lines Inc.,1806.0,215.0,"B6, DL, FL, WN"
